Configuration,Term,term_label,Prefix,Suffix,Lande,lande_g,leading_pct,Reference,Z,A,proton_number,neutron_number,J,S_qn,L_qn,parity,Level (cm-1),Uncertainty (cm-1),1s,2s,2p,3s,3p,3d,4s,4p,4d,5s
3p6.3d7.4s2,a 4F,a,,,1.33289,1.33289,,L7185,27,59,27,32,4.5,1.5,3.0,0,0.0,0.0,2,2,6,2,6,7,2,0,0,0
3p6.3d7.4s2,a 4F,a,,,1.23778,1.23778,,,27,59,27,32,3.5,1.5,3.0,0,816.0,,2,2,6,2,6,7,2,0,0,0
3p6.3d7.4s2,a 4F,a,,,1.02826,1.02826,,,27,59,27,32,2.5,1.5,3.0,0,1406.84,,2,2,6,2,6,7,2,0,0,0
3p6.3d7.4s2,a 4F,a,,,0.39940,0.3994,,,27,59,27,32,1.5,1.5,3.0,0,1809.33,,2,2,6,2,6,7,2,0,0,0
3p6.3d8.(3F).4s,b 4F,b,,,1.33343,1.33343,100.0,,27,59,27,32,4.5,1.5,3.0,0,3482.82,,2,2,6,2,6,8,1,0,0,0
3p6.3d8.(3F).4s,b 4F,b,,,1.23661,1.23661,98.0,,27,59,27,32,3.5,1.5,3.0,0,4142.66,,2,2,6,2,6,8,1,0,0,0
3p6.3d8.(3F).4s,b 4F,b,,,1.02709,1.02709,100.0,,27,59,27,32,2.5,1.5,3.0,0,4690.18,,2,2,6,2,6,8,1,0,0,0
3p6.3d8.(3F).4s,b 4F,b,,,0.404,0.404,100.0,,27,59,27,32,1.5,1.5,3.0,0,5075.83,,2,2,6,2,6,8,1,0,0,0
3p6.3d8.(3F).4s,a 2F,a,,,1.147,1.147,98.0,,27,59,27,32,3.5,0.5,3.0,0,7442.41,,2,2,6,2,6,8,1,0,0,0
3p6.3d8.(3F).4s,a 2F,a,,,0.862,0.862,100.0,,27,59,27,32,2.5,0.5,3.0,0,8460.81,,2,2,6,2,6,8,1,0,0,0
3p6.3d7.4s2,a 4P,a,,,1.604,1.604,,,27,59,27,32,2.5,1.5,1.0,0,13795.52,,2,2,6,2,6,7,2,0,0,0
3p6.3d7.4s2,a 4P,a,,,1.722,1.722,,,27,59,27,32,1.5,1.5,1.0,0,14036.28,,2,2,6,2,6,7,2,0,0,0
3p6.3d7.4s2,a 4P,a,,,2.651,2.651,,,27,59,27,32,0.5,1.5,1.0,0,14399.28,,2,2,6,2,6,7,2,0,0,0
3p6.3d8.(3P).4s,b 4P,b,,,1.515,1.515,84.0,,27,59,27,32,2.5,1.5,1.0,0,15184.04,,2,2,6,2,6,8,1,0,0,0
3p6.3d8.(3P).4s,b 4P,b,,,1.476,1.476,98.0,,27,59,27,32,1.5,1.5,1.0,0,15774.04,,2,2,6,2,6,8,1,0,0,0
3p6.3d8.(3P).4s,b 4P,b,,,2.682,2.682,100.0,,27,59,27,32,0.5,1.5,1.0,0,16195.68,,2,2,6,2,6,8,1,0,0,0
3p6.3d7.4s2,a 2G,a,,,1.109,1.109,,,27,59,27,32,4.5,0.5,4.0,0,16467.9,,2,2,6,2,6,7,2,0,0,0
3p6.3d7.4s2,a 2G,a,,,0.883,0.883,,,27,59,27,32,3.5,0.5,4.0,0,17233.68,,2,2,6,2,6,7,2,0,0,0
3p6.3d8.(1D).4s,a 2D,a,,,1.101,1.101,96.0,,27,59,27,32,1.5,0.5,2.0,0,16470.6,,2,2,6,2,6,8,1,0,0,0
3p6.3d8.(1D).4s,a 2D,a,,,1.296,1.296,83.0,,27,59,27,32,2.5,0.5,2.0,0,16778.16,,2,2,6,2,6,8,1,0,0,0
3p6.3d8.(3P).4s,a 2P,a,,,1.300,1.3,98.0,,27,59,27,32,1.5,0.5,1.0,0,18389.57,,2,2,6,2,6,8,1,0,0,0
3p6.3d8.(3P).4s,a 2P,a,,,0.695,0.695,100.0,,27,59,27,32,0.5,0.5,1.0,0,18775.01,,2,2,6,2,6,8,1,0,0,0
3p6.3d7.4s2,b 2P,b,,,1.284,1.284,,,27,59,27,32,1.5,0.5,1.0,0,20500.71,,2,2,6,2,6,7,2,0,0,0
3p6.3d7.4s2,b 2P,b,,,0.680,0.68,,,27,59,27,32,0.5,0.5,1.0,0,21215.9,,2,2,6,2,6,7,2,0,0,0
3p6.3d7.4s2,a 2H,a,,,1.100,1.1,,,27,59,27,32,5.5,0.5,5.0,0,21780.47,,2,2,6,2,6,7,2,0,0,0
3p6.3d7.4s2,a 2H,a,,,0.921,0.921,,,27,59,27,32,4.5,0.5,5.0,0,22475.36,,2,2,6,2,6,7,2,0,0,0
3p6.3d7.4s2,b 2D,b,,,1.180,1.18,,,27,59,27,32,2.5,0.5,2.0,0,21920.09,,2,2,6,2,6,7,2,0,0,0
3p6.3d7.4s2,b 2D,b,,,0.955,0.955,,,27,59,27,32,1.5,0.5,2.0,0,23152.57,,2,2,6,2,6,7,2,0,0,0
3p6.3d8.(1G).4s,b 2G,b,,,1.098,1.098,100.0,,27,59,27,32,4.5,0.5,4.0,0,23184.23,,2,2,6,2,6,8,1,0,0,0
3p6.3d8.(1G).4s,b 2G,b,,,0.883,0.883,100.0,,27,59,27,32,3.5,0.5,4.0,0,23207.76,,2,2,6,2,6,8,1,0,0,0
3p6.3d7.(4F).4s.4p.(3P*),z 6F*,z,,,1.466,1.466,97.0,,27,59,27,32,5.5,2.5,3.0,1,23611.78,,2,2,6,2,6,7,1,1,0,0
3p6.3d7.(4F).4s.4p.(3P*),z 6F*,z,,,1.481,1.481,78.0,,27,59,27,32,4.5,2.5,3.0,1,23855.62,,2,2,6,2,6,7,1,1,0,0
3p6.3d7.(4F).4s.4p.(3P*),z 6F*,z,,,1.436,1.436,84.0,,27,59,27,32,3.5,2.5,3.0,1,24326.11,,2,2,6,2,6,7,1,1,0,0
3p6.3d7.(4F).4s.4p.(3P*),z 6F*,z,,,1.336,1.336,90.0,,27,59,27,32,2.5,2.5,3.0,1,24733.28,,2,2,6,2,6,7,1,1,0,0
3p6.3d7.(4F).4s.4p.(3P*),z 6F*,z,,,1.118,1.118,95.0,,27,59,27,32,1.5,2.5,3.0,1,25041.16,,2,2,6,2,6,7,1,1,0,0
3p6.3d7.(4F).4s.4p.(3P*),z 6F*,z,,,-0.622,-0.622,99.0,,27,59,27,32,0.5,2.5,3.0,1,25232.79,,2,2,6,2,6,7,1,1,0,0
3p6.3d7.(4F).4s.4p.(3P*),z 6D*,z,,,1.569,1.569,78.0,,27,59,27,32,4.5,2.5,2.0,1,24627.79,,2,2,6,2,6,7,1,1,0,0
3p6.3d7.(4F).4s.4p.(3P*),z 6D*,z,,,1.550,1.55,83.0,,27,59,27,32,3.5,2.5,2.0,1,25269.25,,2,2,6,2,6,7,1,1,0,0
3p6.3d7.(4F).4s.4p.(3P*),z 6D*,z,,,1.612,1.612,87.0,,27,59,27,32,2.5,2.5,2.0,1,25739.93,,2,2,6,2,6,7,1,1,0,0
3p6.3d7.(4F).4s.4p.(3P*),z 6D*,z,,,1.812,1.812,91.0,,27,59,27,32,1.5,2.5,2.0,1,26063.11,,2,2,6,2,6,7,1,1,0,0
3p6.3d7.(4F).4s.4p.(3P*),z 6D*,z,,,3.286,3.286,94.0,,27,59,27,32,0.5,2.5,2.0,1,26250.49,,2,2,6,2,6,7,1,1,0,0
3p6.3d7.(4F).4s.4p.(3P*),z 6G*,z,,,1.40,1.4,100.0,,27,59,27,32,6.5,2.5,4.0,1,25138.88,,2,2,6,2,6,7,1,1,0,0
3p6.3d7.(4F).4s.4p.(3P*),z 6G*,z,,,1.354,1.354,96.0,,27,59,27,32,5.5,2.5,4.0,1,25568.68,,2,2,6,2,6,7,1,1,0,0
3p6.3d7.(4F).4s.4p.(3P*),z 6G*,z,,,1.281,1.281,94.0,,27,59,27,32,4.5,2.5,4.0,1,25937.59,,2,2,6,2,6,7,1,1,0,0
3p6.3d7.(4F).4s.4p.(3P*),z 6G*,z,,,1.150,1.15,94.0,,27,59,27,32,3.5,2.5,4.0,1,26232.05,,2,2,6,2,6,7,1,1,0,0
3p6.3d7.(4F).4s.4p.(3P*),z 6G*,z,,,0.876,0.876,95.0,,27,59,27,32,2.5,2.5,4.0,1,26450.02,,2,2,6,2,6,7,1,1,0,0
3p6.3d7.(4F).4s.4p.(3P*),z 6G*,z,,,0.006,0.006,97.0,,27,59,27,32,1.5,2.5,4.0,1,26597.64,,2,2,6,2,6,7,1,1,0,0
3p6.3d9,c 2D,c,,,1.200,1.2,,,27,59,27,32,2.5,0.5,2.0,0,27497.06,,2,2,6,2,6,9,0,0,0,0
3p6.3d9,c 2D,c,,,0.907,0.907,,,27,59,27,32,1.5,0.5,2.0,0,28470.51,,2,2,6,2,6,9,0,0,0,0
3p6.3d7.(4F).4s.4p.(3P*),z 4F*,z,,,1.330,1.33,82.0,,27,59,27,32,4.5,1.5,3.0,1,28345.86,,2,2,6,2,6,7,1,1,0,0
3p6.3d7.(4F).4s.4p.(3P*),z 4F*,z,,,1.247,1.247,80.0,,27,59,27,32,3.5,1.5,3.0,1,28777.27,,2,2,6,2,6,7,1,1,0,0
3p6.3d7.(4F).4s.4p.(3P*),z 4F*,z,,,1.033,1.033,82.0,,27,59,27,32,2.5,1.5,3.0,1,29216.37,,2,2,6,2,6,7,1,1,0,0
3p6.3d7.(4F).4s.4p.(3P*),z 4F*,z,,,0.410,0.41,85.0,,27,59,27,32,1.5,1.5,3.0,1,29563.17,,2,2,6,2,6,7,1,1,0,0
3p6.3d7.(4F).4s.4p.(3P*),z 4G*,z,,,1.276,1.276,95.0,,27,59,27,32,5.5,1.5,4.0,1,28845.22,,2,2,6,2,6,7,1,1,0,0
3p6.3d7.(4F).4s.4p.(3P*),z 4G*,z,,,1.175,1.175,90.0,,27,59,27,32,4.5,1.5,4.0,1,29269.73,,2,2,6,2,6,7,1,1,0,0
3p6.3d7.(4F).4s.4p.(3P*),z 4G*,z,,,0.995,0.995,91.0,,27,59,27,32,3.5,1.5,4.0,1,29735.18,,2,2,6,2,6,7,1,1,0,0
3p6.3d7.(4F).4s.4p.(3P*),z 4G*,z,,,0.577,0.577,94.0,,27,59,27,32,2.5,1.5,4.0,1,30102.96,,2,2,6,2,6,7,1,1,0,0
3p6.3d7.(4F).4s.4p.(3P*),z 4D*,z,,,1.425,1.425,53.0,,27,59,27,32,3.5,1.5,2.0,1,29294.52,,2,2,6,2,6,7,1,1,0,0
3p6.3d7.(4F).4s.4p.(3P*),z 4D*,z,,,1.359,1.359,57.0,,27,59,27,32,2.5,1.5,2.0,1,29948.76,,2,2,6,2,6,7,1,1,0,0
3p6.3d7.(4F).4s.4p.(3P*),z 4D*,z,,,1.192,1.192,62.0,,27,59,27,32,1.5,1.5,2.0,1,30443.63,,2,2,6,2,6,7,1,1,0,0
3p6.3d7.(4F).4s.4p.(3P*),z 4D*,z,,,-0.006,-0.006,65.0,,27,59,27,32,0.5,1.5,2.0,1,30742.65,,2,2,6,2,6,7,1,1,0,0
3p6.3d7.(4F).4s.4p.(3P*),z 2G*,z,,,1.126,1.126,47.0,,27,59,27,32,4.5,0.5,4.0,1,31699.69,,2,2,6,2,6,7,1,1,0,0
3p6.3d7.(4F).4s.4p.(3P*),z 2G*,z,,,0.899,0.899,41.0,,27,59,27,32,3.5,0.5,4.0,1,32733.07,,2,2,6,2,6,7,1,1,0,0
3p6.3d7.(4F).4s.4p.(3P*),z 2F*,z,,,1.777,1.777,66.0,,27,59,27,32,3.5,0.5,3.0,1,31871.15,,2,2,6,2,6,7,1,1,0,0
3p6.3d7.(4F).4s.4p.(3P*),z 2F*,z,,,0.870,0.87,71.0,,27,59,27,32,2.5,0.5,3.0,1,32781.71,,2,2,6,2,6,7,1,1,0,0
3p6.3d8.(3F).4p,y 4D*,y,,,1.395,1.395,46.0,,27,59,27,32,3.5,1.5,2.0,1,32027.5,,2,2,6,2,6,8,0,1,0,0
3p6.3d8.(3F).4p,y 4D*,y,,,1.366,1.366,51.0,,27,59,27,32,2.5,1.5,2.0,1,32654.5,,2,2,6,2,6,8,0,1,0,0
3p6.3d8.(3F).4p,y 4D*,y,,,1.195,1.195,56.0,,27,59,27,32,1.5,1.5,2.0,1,33150.68,,2,2,6,2,6,8,0,1,0,0
3p6.3d8.(3F).4p,y 4D*,y,,,0.012,0.012,59.0,,27,59,27,32,0.5,1.5,2.0,1,33449.18,,2,2,6,2,6,8,0,1,0,0
3p6.3d8.(3F).4p,y 4G*,y,,,1.287,1.287,94.0,,27,59,27,32,5.5,1.5,4.0,1,32430.59,,2,2,6,2,6,8,0,1,0,0
3p6.3d8.(3F).4p,y 4G*,y,,,1.154,1.154,53.0,,27,59,27,32,4.5,1.5,4.0,1,32464.73,,2,2,6,2,6,8,0,1,0,0
3p6.3d8.(3F).4p,y 4G*,y,,,0.704,0.704,52.0,,27,59,27,32,2.5,1.5,4.0,1,33674.38,,2,2,6,2,6,8,0,1,0,0
3p6.3d8.(3F).4p,y 4F*,y,,,1.313,1.313,51.0,,27,59,27,32,4.5,1.5,3.0,1,32841.99,,2,2,6,2,6,8,0,1,0,0
3p6.3d8.(3F).4p,y 4F*,y,,,0.430,0.43,67.0,,27,59,27,32,1.5,1.5,3.0,1,34196.21,,2,2,6,2,6,8,0,1,0,0
3p6.3d8.(3F).4p,*,,,,1.039,1.039,34.0,,27,59,27,32,3.5,,,1,33173.36,,2,2,6,2,6,8,0,1,0,0
3p6.3d8.(3F).4p,y 2G*,y,,,1.165,1.165,56.0,,27,59,27,32,4.5,0.5,4.0,1,33439.72,,2,2,6,2,6,8,0,1,0,0
3p6.3d8.(3F).4p,y 2G*,y,,,0.917,0.917,50.0,,27,59,27,32,3.5,0.5,4.0,1,34133.59,,2,2,6,2,6,8,0,1,0,0
3p6.3d7.(4F).4s.4p.(3P*),z 2D*,z,,,1.186,1.186,53.0,,27,59,27,32,2.5,0.5,2.0,1,33462.83,,2,2,6,2,6,7,1,1,0,0
3p6.3d7.(4F).4s.4p.(3P*),z 2D*,z,,,0.787,0.787,53.0,,27,59,27,32,1.5,0.5,2.0,1,34352.42,,2,2,6,2,6,7,1,1,0,0
3p6.3d8.(3F).4p,*,,,,1.155,1.155,33.0,,27,59,27,32,3.5,,,1,33466.87,,2,2,6,2,6,8,0,1,0,0
3p6.3d8.(3F).4p,*,,,,0.900,0.9,42.0,,27,59,27,32,2.5,,,1,33945.9,,2,2,6,2,6,8,0,1,0,0
3p6.3d8.(3F).4p,y 2F*,y,,,1.145,1.145,61.0,,27,59,27,32,3.5,0.5,3.0,1,35450.56,,2,2,6,2,6,8,0,1,0,0
3p6.3d8.(3F).4p,y 2F*,y,,,0.892,0.892,53.0,,27,59,27,32,2.5,0.5,3.0,1,36329.86,,2,2,6,2,6,8,0,1,0,0
3p6.3d8.(3F).4p,y 2D*,y,,,1.186,1.186,35.0,,27,59,27,32,2.5,0.5,2.0,1,36092.44,,2,2,6,2,6,8,0,1,0,0
3p6.3d8.(3F).4p,y 2D*,y,,,0.794,0.794,53.0,,27,59,27,32,1.5,0.5,2.0,1,36875.13,,2,2,6,2,6,8,0,1,0,0
3p6.3d7.(4F).4s.4p.(1P*),x 4D*,x,,,1.428,1.428,65.0,,27,59,27,32,3.5,1.5,2.0,1,39649.16,,2,2,6,2,6,7,1,1,0,0
3p6.3d7.(4F).4s.4p.(1P*),x 4D*,x,,,1.370,1.37,63.0,,27,59,27,32,2.5,1.5,2.0,1,40345.95,,2,2,6,2,6,7,1,1,0,0
3p6.3d7.(4F).4s.4p.(1P*),x 4D*,x,,,1.240,1.24,62.0,,27,59,27,32,1.5,1.5,2.0,1,40827.77,,2,2,6,2,6,7,1,1,0,0
3p6.3d7.(4F).4s.4p.(1P*),x 4D*,x,,,0.026,0.026,62.0,,27,59,27,32,0.5,1.5,2.0,1,41101.8,,2,2,6,2,6,7,1,1,0,0
3p6.3d7.(4P).4s.4p.(3P*),z 4S*,z,,,2.017,2.017,74.0,,27,59,27,32,1.5,1.5,0.0,1,40621.62,,2,2,6,2,6,7,1,1,0,0
3p6.3d7.(4P).4s.4p.(3P*),6P*,,,,1.40,1.4,97.0,,27,59,27,32,3.5,2.5,1.0,1,41041.43,,2,2,6,2,6,7,1,1,0,0
3p6.3d7.(4P).4s.4p.(3P*),6P*,,,,1.863,1.863,93.0,,27,59,27,32,2.5,2.5,1.0,1,41104.96,,2,2,6,2,6,7,1,1,0,0
3p6.3d7.(4F).4s.4p.(1P*),x 4F*,x,,,1.319,1.319,66.0,,27,59,27,32,4.5,1.5,3.0,1,41225.76,,2,2,6,2,6,7,1,1,0,0
3p6.3d7.(4F).4s.4p.(1P*),x 4F*,x,,,1.248,1.248,63.0,,27,59,27,32,3.5,1.5,3.0,1,41918.41,,2,2,6,2,6,7,1,1,0,0
3p6.3d7.(4F).4s.4p.(1P*),x 4F*,x,,,1.024,1.024,59.0,,27,59,27,32,2.5,1.5,3.0,1,42434.23,,2,2,6,2,6,7,1,1,0,0
3p6.3d7.(4F).4s.4p.(1P*),x 4F*,x,,,0.406,0.406,61.0,,27,59,27,32,1.5,1.5,3.0,1,42796.67,,2,2,6,2,6,7,1,1,0,0
3p6.3d7.(4F).4s.4p.(1P*),x 4G*,x,,,1.291,1.291,95.0,,27,59,27,32,5.5,1.5,4.0,1,41528.53,,2,2,6,2,6,7,1,1,0,0
3p6.3d7.(4F).4s.4p.(1P*),x 4G*,x,,,1.169,1.169,93.0,,27,59,27,32,4.5,1.5,4.0,1,42269.32,,2,2,6,2,6,7,1,1,0,0
3p6.3d7.(4F).4s.4p.(1P*),x 4G*,x,,,1.004,1.004,92.0,,27,59,27,32,3.5,1.5,4.0,1,42811.44,,2,2,6,2,6,7,1,1,0,0
3p6.3d7.(4F).4s.4p.(1P*),x 4G*,x,,,0.649,0.649,93.0,,27,59,27,32,2.5,1.5,4.0,1,43199.65,,2,2,6,2,6,7,1,1,0,0
3p6.3d8.(3P).4p,z 4P*,z,,,1.627,1.627,65.0,,27,59,27,32,2.5,1.5,1.0,1,41968.89,,2,2,6,2,6,8,0,1,0,0
3p6.3d8.(3P).4p,z 4P*,z,,,2.51,2.51,66.0,,27,59,27,32,0.5,1.5,1.0,1,41969.9,,2,2,6,2,6,8,0,1,0,0
3p6.3d8.(3P).4p,z 4P*,z,,,1.732,1.732,64.0,,27,59,27,32,1.5,1.5,1.0,1,41982.66,,2,2,6,2,6,8,0,1,0,0
3p6.3d7.(2G).4s.4p.(3P*),4H*,,,,,,95.0,,27,59,27,32,3.5,1.5,5.0,1,42988.12,,2,2,6,2,6,7,1,1,0,0
3p6.3d8.(1D).4p,z 2P*,z,,,0.727,0.727,42.0,,27,59,27,32,0.5,0.5,1.0,1,43130.24,,2,2,6,2,6,8,0,1,0,0
3p6.3d7.(4P).4s.4p.(3P*),w 4D*,w,,,1.101,1.101,46.0,,27,59,27,32,2.5,1.5,2.0,1,43242.95,,2,2,6,2,6,7,1,1,0,0
3p6.3d7.(4P).4s.4p.(3P*),w 4D*,w,,,1.191,1.191,58.0,,27,59,27,32,1.5,1.5,2.0,1,43263.57,,2,2,6,2,6,7,1,1,0,0
3p6.3d7.(4P).4s.4p.(3P*),w 4D*,w,,,1.334,1.334,88.0,,27,59,27,32,3.5,1.5,2.0,1,43398.62,,2,2,6,2,6,7,1,1,0,0
3p6.3d7.(4P).4s.4p.(3P*),w 4D*,w,,,0.169,0.169,75.0,,27,59,27,32,0.5,1.5,2.0,1,43435.58,,2,2,6,2,6,7,1,1,0,0
3p6.3d7.(2G).4s.4p.(3P*),w 4F*,w,,,1.295,1.295,71.0,,27,59,27,32,4.5,1.5,3.0,1,43295.32,,2,2,6,2,6,7,1,1,0,0
3p6.3d7.(2G).4s.4p.(3P*),w 4F*,w,,,0.415,0.415,68.0,,27,59,27,32,1.5,1.5,3.0,1,44555.71,,2,2,6,2,6,7,1,1,0,0
3p6.3d8.(1D).4p,*,,,,1.119,1.119,37.0,,27,59,27,32,2.5,,,1,43425.71,,2,2,6,2,6,8,0,1,0,0
3p6.3d8.(1D).4p,*,,,,1.120,1.12,31.0,,27,59,27,32,1.5,,,1,43537.71,,2,2,6,2,6,8,0,1,0,0
3p6.3d8.(1D).4p,x 2F*,x,,,1.229,1.229,45.0,,27,59,27,32,3.5,0.5,3.0,1,43555.22,,2,2,6,2,6,8,0,1,0,0
3p6.3d7.(2G).4s.4p.(3P*),*,,,,1.197,1.197,39.0,,27,59,27,32,3.5,,,1,43847.98,,2,2,6,2,6,7,1,1,0,0
3p6.3d8.(1D).4p,x 2D*,x,,,1.127,1.127,40.0,,27,59,27,32,1.5,0.5,2.0,1,43911.36,,2,2,6,2,6,8,0,1,0,0
3p6.3d8.(1D).4p,x 2D*,x,,,1.230,1.23,52.0,,27,59,27,32,2.5,0.5,2.0,1,43921.89,,2,2,6,2,6,8,0,1,0,0
3p6.3d7.(2G).4s.4p.(3P*),w 4G*,w,,?,1.279,1.279,93.0,,27,59,27,32,5.5,1.5,4.0,1,43952.06,,2,2,6,2,6,7,1,1,0,0
3p6.3d7.(2G).4s.4p.(3P*),w 4G*,w,,,1.163,1.163,85.0,,27,59,27,32,4.5,1.5,4.0,1,44183.34,,2,2,6,2,6,7,1,1,0,0
3p6.3d7.(2G).4s.4p.(3P*),w 4G*,w,,,1.004,1.004,77.0,,27,59,27,32,3.5,1.5,4.0,1,44394.47,,2,2,6,2,6,7,1,1,0,0
3p6.3d7.(2G).4s.4p.(3P*),w 4G*,w,,,0.676,0.676,69.0,,27,59,27,32,2.5,1.5,4.0,1,44568.47,,2,2,6,2,6,7,1,1,0,0
,4*,,,,1.081,1.081,,,27,59,27,32,3.5,,,1,43969.9,,2,2,6,2,6,7,2,0,0,0
3p6.3d7.(2G).4s.4p.(3P*),*,,,,0.950,0.95,29.0,,27,59,27,32,2.5,,,1,44201.92,,2,2,6,2,6,7,1,1,0,0
,5*,,,?,,,,,27,59,27,32,1.5,,,1,44381.32,,2,2,6,2,6,7,2,0,0,0
3p6.3d7.(4P).4s.4p.(3P*),z 2S*,z,,,2.10,2.1,61.0,,27,59,27,32,0.5,0.5,0.0,1,44454.51,,2,2,6,2,6,7,1,1,0,0
3p6.3d7.(4P).4s.4p.(1P*),y 4P*,y,,,1.557,1.557,42.0,,27,59,27,32,2.5,1.5,1.0,1,44480.14,,2,2,6,2,6,7,1,1,0,0
3p6.3d7.(4P).4s.4p.(1P*),y 4P*,y,,,1.674,1.674,40.0,,27,59,27,32,1.5,1.5,1.0,1,44658.03,,2,2,6,2,6,7,1,1,0,0
3p6.3d8.(3F).5s,e 4F,e,,,1.33,1.33,,,27,59,27,32,4.5,1.5,3.0,0,44782.13,,2,2,6,2,6,8,0,0,0,1
3p6.3d8.(3F).5s,e 4F,e,,,1.21,1.21,,,27,59,27,32,3.5,1.5,3.0,0,45105.59,,2,2,6,2,6,8,0,0,0,1
3p6.3d8.(3F).5s,e 4F,e,,,1.01,1.01,,,27,59,27,32,2.5,1.5,3.0,0,45876.58,,2,2,6,2,6,8,0,0,0,1
3p6.3d8.(3F).5s,e 4F,e,,,0.44,0.44,,,27,59,27,32,1.5,1.5,3.0,0,46375.17,,2,2,6,2,6,8,0,0,0,1
3p6.3d7.(2P).4s.4p.(3P*),4P*,,,,2.371,2.371,44.0,,27,59,27,32,0.5,1.5,1.0,1,44857.57,,2,2,6,2,6,7,1,1,0,0
3p6.3d7.(2G).4s.4p.(3P*),z 2H*,z,,,0.897,0.897,87.0,,27,59,27,32,4.5,0.5,5.0,1,45111.48,,2,2,6,2,6,7,1,1,0,0
3p6.3d7.(2G).4s.4p.(3P*),z 2H*,z,,,1.097,1.097,90.0,,27,59,27,32,5.5,0.5,5.0,1,45540.28,,2,2,6,2,6,7,1,1,0,0
3p6.3d7.4s.(5F).5s,e 6F,e,,,1.475,1.475,,,27,59,27,32,5.5,2.5,3.0,0,45676.0,,2,2,6,2,6,7,1,0,0,1
3p6.3d7.4s.(5F).5s,e 6F,e,,,1.443,1.443,,,27,59,27,32,4.5,2.5,3.0,0,46223.01,,2,2,6,2,6,7,1,0,0,1
3p6.3d7.4s.(5F).5s,e 6F,e,,,1.396,1.396,,,27,59,27,32,3.5,2.5,3.0,0,46706.83,,2,2,6,2,6,7,1,0,0,1
3p6.3d7.4s.(5F).5s,e 6F,e,,,1.301,1.301,,,27,59,27,32,2.5,2.5,3.0,0,47090.65,,2,2,6,2,6,7,1,0,0,1
3p6.3d7.4s.(5F).5s,e 6F,e,,,1.054,1.054,,,27,59,27,32,1.5,2.5,3.0,0,47364.73,,2,2,6,2,6,7,1,0,0,1
3p6.3d7.4s.(5F).5s,e 6F,e,,,-0.666,-0.666,,,27,59,27,32,0.5,2.5,3.0,0,47528.44,,2,2,6,2,6,7,1,0,0,1
3p6.3d8.(3P).4p,2D*,,,,1.219,1.219,70.0,,27,59,27,32,2.5,0.5,2.0,1,45688.15,,2,2,6,2,6,8,0,1,0,0
3p6.3d8.(3P).4p,2D*,,,,1.218,1.218,72.0,,27,59,27,32,1.5,0.5,2.0,1,46186.41,,2,2,6,2,6,8,0,1,0,0
3p6.3d7.(2G).4s.4p.(3P*),x 2G*,x,,,0.898,0.898,79.0,,27,59,27,32,3.5,0.5,4.0,1,45766.63,,2,2,6,2,6,7,1,1,0,0
3p6.3d7.(2G).4s.4p.(3P*),x 2G*,x,,,1.131,1.131,80.0,,27,59,27,32,4.5,0.5,4.0,1,46032.1,,2,2,6,2,6,7,1,1,0,0
3p6.3d8.(3P).4p,4S*,,,,1.674,1.674,32.0,,27,59,27,32,1.5,1.5,0.0,1,45904.68,,2,2,6,2,6,8,0,1,0,0
3p6.3d8.(3F).5s,e 2F,e,,,1.14,1.14,,,27,59,27,32,3.5,0.5,3.0,0,45924.98,,2,2,6,2,6,8,0,0,0,1
3p6.3d8.(3F).5s,e 2F,e,,,0.49,0.49,,,27,59,27,32,2.5,0.5,3.0,0,46746.0,,2,2,6,2,6,8,0,0,0,1
3p6.3d7.(4P).4s.4p.(3P*),x 4P*,x,,,2.522,2.522,44.0,,27,59,27,32,0.5,1.5,1.0,1,45957.29,,2,2,6,2,6,7,1,1,0,0
3p6.3d7.(4P).4s.4p.(3P*),x 4P*,x,,,1.543,1.543,30.0,,27,59,27,32,2.5,1.5,1.0,1,46002.83,,2,2,6,2,6,7,1,1,0,0
3p6.3d7.(4P).4s.4p.(3P*),x 4P*,x,,,1.508,1.508,30.0,,27,59,27,32,1.5,1.5,1.0,1,46260.02,,2,2,6,2,6,7,1,1,0,0
3p6.3d8.(3P).4p,4D*,,,,1.424,1.424,44.0,,27,59,27,32,3.5,1.5,2.0,1,45971.19,,2,2,6,2,6,8,0,1,0,0
3p6.3d8.(3P).4p,4D*,,,,1.365,1.365,28.0,,27,59,27,32,2.5,1.5,2.0,1,46329.63,,2,2,6,2,6,8,0,1,0,0
3p6.3d8.(3P).4p,4D*,,,,0.161,0.161,27.0,,27,59,27,32,0.5,1.5,2.0,1,46502.15,,2,2,6,2,6,8,0,1,0,0
3p6.3d7.(4P).4s.4p.(3P*),2D*,,,,0.869,0.869,61.0,,27,59,27,32,1.5,0.5,2.0,1,46454.95,,2,2,6,2,6,7,1,1,0,0
3p6.3d7.(4P).4s.4p.(3P*),2D*,,,,1.233,1.233,45.0,,27,59,27,32,2.5,0.5,2.0,1,46671.94,,2,2,6,2,6,7,1,1,0,0
3p6.3d8.(3P).4p,*,,,,1.273,1.273,16.0,,27,59,27,32,1.5,,,1,46562.87,,2,2,6,2,6,8,0,1,0,0
3p6.3d8.(3P).4p,*,,,,1.352,1.352,27.0,,27,59,27,32,1.5,,,1,46685.43,,2,2,6,2,6,8,0,1,0,0
3p6.3d7.(2P).4s.4p.(3P*),*,,,,1.332,1.332,26.0,,27,59,27,32,3.5,,,1,46872.74,,2,2,6,2,6,7,1,1,0,0
3p6.3d8.(3P).4p,y 2P*,y,,,0.656,0.656,46.0,,27,59,27,32,0.5,0.5,1.0,1,47091.14,,2,2,6,2,6,8,0,1,0,0
3p6.3d7.(2G).4s.4p.(3P*),*,,,,0.858,0.858,33.0,,27,59,27,32,2.5,,,1,47128.96,,2,2,6,2,6,7,1,1,0,0
3p6.3d7.(2G).4s.4p.(3P*),*,,,,1.229,1.229,36.0,,27,59,27,32,3.5,,,1,47225.11,,2,2,6,2,6,7,1,1,0,0
3p6.3d7.(2P).4s.4p.(3P*),u 4D*,u,,,1.324,1.324,45.0,,27,59,27,32,2.5,1.5,2.0,1,47393.93,,2,2,6,2,6,7,1,1,0,0
3p6.3d7.(2P).4s.4p.(3P*),u 4D*,u,,,1.122,1.122,47.0,,27,59,27,32,1.5,1.5,2.0,1,47612.18,,2,2,6,2,6,7,1,1,0,0
3p6.3d7.4s.(5F).5s,f 4F,f,,,1.328,1.328,,,27,59,27,32,4.5,1.5,3.0,0,47524.47,,2,2,6,2,6,7,1,0,0,1
3p6.3d7.4s.(5F).5s,f 4F,f,,,1.226,1.226,,,27,59,27,32,3.5,1.5,3.0,0,48201.6,,2,2,6,2,6,7,1,0,0,1
3p6.3d7.4s.(5F).5s,f 4F,f,,,1.041,1.041,,,27,59,27,32,2.5,1.5,3.0,0,48718.57,,2,2,6,2,6,7,1,0,0,1
3p6.3d7.4s.(5F).5s,f 4F,f,,,0.401,0.401,,,27,59,27,32,1.5,1.5,3.0,0,49078.43,,2,2,6,2,6,7,1,0,0,1
,6*,,,,,,,,27,59,27,32,3.5,,,1,47839.15,,2,2,6,2,6,7,2,0,0,0
3p6.3d7.(2P).4s.4p.(3P*),*,,,,0.016,0.016,37.0,,27,59,27,32,0.5,,,1,47905.26,,2,2,6,2,6,7,1,1,0,0
,y 2S*,y,,,2.093,2.093,,,27,59,27,32,0.5,0.5,0.0,1,47977.94,,2,2,6,2,6,7,2,0,0,0
3p6.3d8.(3P).4p,*,,,,1.699,1.699,35.0,,27,59,27,32,0.5,,,1,48026.34,,2,2,6,2,6,8,0,1,0,0
3p6.3d7.(a 2D).4s.4p.(3P*),t 4D*,t,,,1.211,1.211,51.0,,27,59,27,32,3.5,1.5,2.0,1,48217.32,,2,2,6,2,6,7,1,1,0,0
3p6.3d7.(a 2D).4s.4p.(3P*),t 4D*,t,,,1.340,1.34,52.0,,27,59,27,32,2.5,1.5,2.0,1,48443.76,,2,2,6,2,6,7,1,1,0,0
3p6.3d7.(a 2D).4s.4p.(3P*),t 4D*,t,,,0.452,0.452,52.0,,27,59,27,32,0.5,1.5,2.0,1,48571.77,,2,2,6,2,6,7,1,1,0,0
3p6.3d7.(2H).4s.4p.(3P*),4G*,,,,1.173,1.173,84.0,,27,59,27,32,3.5,1.5,4.0,1,48317.17,,2,2,6,2,6,7,1,1,0,0
3p6.3d7.(2H).4s.4p.(3P*),4G*,,,?,0.619,0.619,81.0,,27,59,27,32,2.5,1.5,4.0,1,48615.56,,2,2,6,2,6,7,1,1,0,0
3p6.3d7.(4P).4s.4p.(3P*),2P*,,,,1.436,1.436,40.0,,27,59,27,32,1.5,0.5,1.0,1,48334.37,,2,2,6,2,6,7,1,1,0,0
3p6.3d7.(4P).4s.4p.(3P*),2P*,,,,1.50,1.5,60.0,,27,59,27,32,0.5,0.5,1.0,1,48837.72,,2,2,6,2,6,7,1,1,0,0
3p6.3d7.(a 2D).4s.4p.(3P*),*,,,,1.050,1.05,21.0,,27,59,27,32,1.5,,,1,48546.07,,2,2,6,2,6,7,1,1,0,0
3p6.3d7.(2P).4s.4p.(3P*),x 4S*,x,,,1.728,1.728,48.0,,27,59,27,32,1.5,1.5,0.0,1,48753.72,,2,2,6,2,6,7,1,1,0,0
3p6.3d7.(a 2D).4s.4p.(3P*),*,,,,,,34.0,,27,59,27,32,2.5,,,1,48828.87,,2,2,6,2,6,7,1,1,0,0
,8*,,,?,,,,,27,59,27,32,1.5,,,1,48851.58,,2,2,6,2,6,7,2,0,0,0
3p6.3d7.(2P).4s.4p.(3P*),*,,,,1.099,1.099,39.0,,27,59,27,32,1.5,,,1,49025.42,,2,2,6,2,6,7,1,1,0,0
3p6.3d7.(a 2D).4s.4p.(3P*),4F*,,,?,,,98.0,,27,59,27,32,4.5,1.5,3.0,1,49197.74,,2,2,6,2,6,7,1,1,0,0
3p6.3d7.(a 2D).4s.4p.(3P*),4F*,,,,1.260,1.26,75.0,,27,59,27,32,3.5,1.5,3.0,1,49484.05,,2,2,6,2,6,7,1,1,0,0
3p6.3d7.(a 2D).4s.4p.(3P*),4F*,,,,1.079,1.079,43.0,,27,59,27,32,2.5,1.5,3.0,1,49847.08,,2,2,6,2,6,7,1,1,0,0
3p6.3d7.(a 2D).4s.4p.(3P*),4F*,,,,0.569,0.569,50.0,,27,59,27,32,1.5,1.5,3.0,1,50105.05,,2,2,6,2,6,7,1,1,0,0
,w 2P*,w,,,1.365,1.365,,,27,59,27,32,0.5,0.5,1.0,1,49754.73,,2,2,6,2,6,7,2,0,0,0
3p6.3d8.(1G).4p,y 2H*,y,,,0.899,0.899,81.0,,27,59,27,32,4.5,0.5,5.0,1,50210.8,,2,2,6,2,6,8,0,1,0,0
3p6.3d8.(1G).4p,y 2H*,y,,,1.091,1.091,69.0,,27,59,27,32,5.5,0.5,5.0,1,50375.91,,2,2,6,2,6,8,0,1,0,0
3p6.3d8.(1G).4p,u 2F*,u,,,1.125,1.125,60.0,,27,59,27,32,3.5,0.5,3.0,1,50578.73,,2,2,6,2,6,8,0,1,0,0
3p6.3d8.(1G).4p,u 2F*,u,,,0.905,0.905,57.0,,27,59,27,32,2.5,0.5,3.0,1,50712.45,,2,2,6,2,6,8,0,1,0,0
3p6.3d8.(1G).4p,w 2G*,w,,,1.10,1.1,40.0,,27,59,27,32,4.5,0.5,4.0,1,50593.38,,2,2,6,2,6,8,0,1,0,0
3p6.3d8.(1G).4p,w 2G*,w,,,0.82,0.82,38.0,,27,59,27,32,3.5,0.5,4.0,1,50611.22,,2,2,6,2,6,8,0,1,0,0
3p6.3d7.(2H).4s.4p.(3P*),4H*,,,,1.110,1.11,86.0,,27,59,27,32,5.5,1.5,5.0,1,50703.08,,2,2,6,2,6,7,1,1,0,0
3p6.3d7.(2H).4s.4p.(3P*),4H*,,,,0.941,0.941,86.0,,27,59,27,32,4.5,1.5,5.0,1,50902.61,,2,2,6,2,6,7,1,1,0,0
3p6.3d7.(2H).4s.4p.(3P*),4H*,,,,,,89.0,,27,59,27,32,3.5,1.5,5.0,1,51184.63,,2,2,6,2,6,7,1,1,0,0
,13*,,,,,,,,27,59,27,32,3.5,,,1,50738.2,,2,2,6,2,6,7,2,0,0,0
,13*,,,,,,,,27,59,27,32,4.5,,,1,50738.2,,2,2,6,2,6,7,2,0,0,0
,s 4D*,s,,,1.458,1.458,,,27,59,27,32,3.5,1.5,2.0,1,50741.66,,2,2,6,2,6,7,2,0,0,0
,s 4D*,s,,,,,,,27,59,27,32,2.5,1.5,2.0,1,51139.38,,2,2,6,2,6,7,2,0,0,0
,s 4D*,s,,,,,,,27,59,27,32,1.5,1.5,2.0,1,51847.27,,2,2,6,2,6,7,2,0,0,0
,s 4D*,s,,?,,,,,27,59,27,32,0.5,1.5,2.0,1,52264.01,,2,2,6,2,6,7,2,0,0,0
,14*,,,,1.136,1.136,,,27,59,27,32,2.5,,,1,50806.55,,2,2,6,2,6,7,2,0,0,0
3p6.3d7.(2P).4s.4p.(3P*),v 2P*,v,,,1.340,1.34,53.0,,27,59,27,32,1.5,0.5,1.0,1,50925.11,,2,2,6,2,6,7,1,1,0,0
3p6.3d7.(2P).4s.4p.(3P*),v 2P*,v,,,0.732,0.732,71.0,,27,59,27,32,0.5,0.5,1.0,1,50945.47,,2,2,6,2,6,7,1,1,0,0
3p6.3d8.(3F).4d,e 4P,e,,,1.59,1.59,,,27,59,27,32,2.5,1.5,1.0,0,51042.26,,2,2,6,2,6,8,0,0,1,0
3p6.3d8.(3F).4d,e 4P,e,,,1.40,1.4,,,27,59,27,32,1.5,1.5,1.0,0,52033.26,,2,2,6,2,6,8,0,0,1,0
3p6.3d8.(3F).4d,e 4P,e,,?,,,,,27,59,27,32,0.5,1.5,1.0,0,52915.92,,2,2,6,2,6,8,0,0,1,0
3p6.3d8.(3F).4d,e 4D,e,,,1.402,1.402,,,27,59,27,32,3.5,1.5,2.0,0,51052.98,,2,2,6,2,6,8,0,0,1,0
3p6.3d8.(3F).4d,e 4D,e,,,1.354,1.354,,,27,59,27,32,2.5,1.5,2.0,0,51560.76,,2,2,6,2,6,8,0,0,1,0
3p6.3d8.(3F).4d,e 4D,e,,?,,,,,27,59,27,32,1.5,1.5,2.0,0,52264.49,,2,2,6,2,6,8,0,0,1,0
3p6.3d8.(3F).4d,e 4D,e,,,1.58,1.58,,,27,59,27,32,0.5,1.5,2.0,0,52634.62,,2,2,6,2,6,8,0,0,1,0
3p6.3d8.(3F).4d,e 4H,e,,,1.224,1.224,,,27,59,27,32,6.5,1.5,5.0,0,51142.53,,2,2,6,2,6,8,0,0,1,0
3p6.3d8.(3F).4d,e 4H,e,,,1.147,1.147,,,27,59,27,32,5.5,1.5,5.0,0,51174.28,,2,2,6,2,6,8,0,0,1,0
3p6.3d8.(3F).4d,e 4H,e,,,0.96,0.96,,,27,59,27,32,4.5,1.5,5.0,0,52121.21,,2,2,6,2,6,8,0,0,1,0
3p6.3d8.(3F).4d,e 4H,e,,,0.896,0.896,,,27,59,27,32,3.5,1.5,5.0,0,52716.7,,2,2,6,2,6,8,0,0,1,0
3p6.3d7.(a 2D).4s.4p.(3P*),w 4P*,w,,,1.578,1.578,73.0,,27,59,27,32,2.5,1.5,1.0,1,51160.03,,2,2,6,2,6,7,1,1,0,0
3p6.3d7.(a 2D).4s.4p.(3P*),w 4P*,w,,,1.616,1.616,57.0,,27,59,27,32,1.5,1.5,1.0,1,52014.45,,2,2,6,2,6,7,1,1,0,0
3p6.3d7.(a 2D).4s.4p.(3P*),w 4P*,w,,,2.304,2.304,66.0,,27,59,27,32,0.5,1.5,1.0,1,52355.12,,2,2,6,2,6,7,1,1,0,0
3p6.3d8.(3F).4d,g 4F,g,,,1.337,1.337,,,27,59,27,32,4.5,1.5,3.0,0,51170.14,,2,2,6,2,6,8,0,0,1,0
3p6.3d8.(3F).4d,g 4F,g,,,1.16,1.16,,,27,59,27,32,3.5,1.5,3.0,0,51199.58,,2,2,6,2,6,8,0,0,1,0
3p6.3d8.(3F).4d,g 4F,g,,,1.08,1.08,,,27,59,27,32,2.5,1.5,3.0,0,52070.0,,2,2,6,2,6,8,0,0,1,0
3p6.3d8.(3F).4d,g 4F,g,,?,0.76,0.76,,,27,59,27,32,1.5,1.5,3.0,0,52702.76,,2,2,6,2,6,8,0,0,1,0
3p6.3d8.(3F).4d,e 2P,e,,,1.368,1.368,,,27,59,27,32,1.5,0.5,1.0,0,51200.6,,2,2,6,2,6,8,0,0,1,0
3p6.3d8.(3F).4d,e 2P,e,,,0.48,0.48,,,27,59,27,32,0.5,0.5,1.0,0,52041.14,,2,2,6,2,6,8,0,0,1,0
3p6.3d8.(3F).4d,e 4G,e,,,1.218,1.218,,,27,59,27,32,5.5,1.5,4.0,0,51203.75,,2,2,6,2,6,8,0,0,1,0
3p6.3d8.(3F).4d,e 4G,e,,,1.083,1.083,,,27,59,27,32,4.5,1.5,4.0,0,51267.93,,2,2,6,2,6,8,0,0,1,0
3p6.3d8.(3F).4d,e 4G,e,,,1.13,1.13,,,27,59,27,32,3.5,1.5,4.0,0,52162.02,,2,2,6,2,6,8,0,0,1,0
3p6.3d8.(3F).4d,e 4G,e,,,0.74,0.74,,,27,59,27,32,2.5,1.5,4.0,0,52772.3,,2,2,6,2,6,8,0,0,1,0
,16*,,,,,,,,27,59,27,32,2.5,,,1,51863.18,,2,2,6,2,6,7,2,0,0,0
,17*,,,?,,,,,27,59,27,32,2.5,,,1,51989.31,,2,2,6,2,6,7,2,0,0,0
3p6.3d8.(3F).4d,f 2F,f,,,1.118,1.118,,,27,59,27,32,3.5,0.5,3.0,0,52095.0,,2,2,6,2,6,8,0,0,1,0
3p6.3d8.(3F).4d,f 2F,f,,,1.13,1.13,,,27,59,27,32,2.5,0.5,3.0,0,52970.62,,2,2,6,2,6,8,0,0,1,0
3p6.3d8.(3F).4d,e 2H,e,,,1.13,1.13,,,27,59,27,32,5.5,0.5,5.0,0,52113.91,,2,2,6,2,6,8,0,0,1,0
3p6.3d8.(3F).4d,e 2H,e,,,0.97,0.97,,,27,59,27,32,4.5,0.5,5.0,0,52775.47,,2,2,6,2,6,8,0,0,1,0
3p6.3d8.(3F).4d,e 2G,e,,,1.12,1.12,,,27,59,27,32,4.5,0.5,4.0,0,52156.46,,2,2,6,2,6,8,0,0,1,0
3p6.3d8.(3F).4d,e 2G,e,,,0.92,0.92,,,27,59,27,32,3.5,0.5,4.0,0,52856.68,,2,2,6,2,6,8,0,0,1,0
3p6.3d8.(3F).4d,e 2D,e,,,0.92,0.92,,,27,59,27,32,2.5,0.5,2.0,0,52460.1,,2,2,6,2,6,8,0,0,1,0
3p6.3d8.(3F).4d,e 2D,e,,,0.80,0.8,,,27,59,27,32,1.5,0.5,2.0,0,53343.27,,2,2,6,2,6,8,0,0,1,0
,18*,,,,,,,,27,59,27,32,3.5,,,1,52476.64,,2,2,6,2,6,7,2,0,0,0
,19*,,,,,,,,27,59,27,32,1.5,,,1,52498.17,,2,2,6,2,6,7,2,0,0,0
,20*,,,,,,,,27,59,27,32,1.5,,,1,52526.04,,2,2,6,2,6,7,2,0,0,0
,20*,,,,,,,,27,59,27,32,2.5,,,1,52526.04,,2,2,6,2,6,7,2,0,0,0
3p6.3d7.4s.(3F).5s,g 2F,g,,,0.933,0.933,,,27,59,27,32,3.5,0.5,3.0,0,52763.68,,2,2,6,2,6,7,1,0,0,1
3p6.3d7.4s.(3F).5s,g 2F,g,,,0.923,0.923,,,27,59,27,32,2.5,0.5,3.0,0,53704.14,,2,2,6,2,6,7,1,0,0,1
3p6.3d7.(a 2D).4s.4p.(3P*),2F*,,,,0.883,0.883,58.0,,27,59,27,32,2.5,0.5,3.0,1,52796.13,,2,2,6,2,6,7,1,1,0,0
3p6.3d7.(a 2D).4s.4p.(3P*),2F*,,,,1.136,1.136,75.0,,27,59,27,32,3.5,0.5,3.0,1,53103.78,,2,2,6,2,6,7,1,1,0,0
3p6.3d7.4s.(3F).5s,h 4F,h,,,1.307,1.307,,,27,59,27,32,4.5,1.5,3.0,0,52864.41,,2,2,6,2,6,7,1,0,0,1
3p6.3d7.4s.(3F).5s,h 4F,h,,?,1.28,1.28,,,27,59,27,32,3.5,1.5,3.0,0,53694.57,,2,2,6,2,6,7,1,0,0,1
3p6.3d7.4s.(3F).5s,h 4F,h,,?,0.986,0.986,,,27,59,27,32,2.5,1.5,3.0,0,54258.75,,2,2,6,2,6,7,1,0,0,1
3p6.3d7.4s.(3F).5s,h 4F,h,,,0.422,0.422,,,27,59,27,32,1.5,1.5,3.0,0,54426.64,,2,2,6,2,6,7,1,0,0,1
,21*,,,,,,,,27,59,27,32,3.5,,,1,53065.96,,2,2,6,2,6,7,2,0,0,0
,21*,,,,,,,,27,59,27,32,4.5,,,1,53065.96,,2,2,6,2,6,7,2,0,0,0
3p6.3d7.(a 2D).4s.4p.(3P*),u 2D*,u,,,0.823,0.823,51.0,,27,59,27,32,1.5,0.5,2.0,1,53074.92,,2,2,6,2,6,7,1,1,0,0
3p6.3d7.(a 2D).4s.4p.(3P*),u 2D*,u,,,1.206,1.206,49.0,,27,59,27,32,2.5,0.5,2.0,1,53195.98,,2,2,6,2,6,7,1,1,0,0
3p6.3d7.(2H).4s.4p.(3P*),v 2G*,v,,,1.124,1.124,44.0,,27,59,27,32,4.5,0.5,4.0,1,53276.02,,2,2,6,2,6,7,1,1,0,0
3p6.3d7.(2H).4s.4p.(3P*),v 2G*,v,,,0.888,0.888,44.0,,27,59,27,32,3.5,0.5,4.0,1,53373.53,,2,2,6,2,6,7,1,1,0,0
,22*,,,,,,,,27,59,27,32,3.5,,,1,53463.1,,2,2,6,2,6,7,2,0,0,0
3p6.3d7.4s.(5F).4d,f 4G,f,,,1.274,1.274,,,27,59,27,32,5.5,1.5,4.0,0,53511.83,,2,2,6,2,6,7,1,0,1,0
3p6.3d7.4s.(5F).4d,f 4G,f,,,1.25,1.25,,,27,59,27,32,4.5,1.5,4.0,0,54158.17,,2,2,6,2,6,7,1,0,1,0
3p6.3d7.4s.(5F).4d,f 4G,f,,,1.23,1.23,,,27,59,27,32,3.5,1.5,4.0,0,54514.67,,2,2,6,2,6,7,1,0,1,0
3p6.3d7.4s.(5F).4d,f 4G,f,,?,,,,,27,59,27,32,2.5,1.5,4.0,0,55165.63,,2,2,6,2,6,7,1,0,1,0
3p6.3d7.4s.(5F).4d,f 4H,f,,,1.227,1.227,,,27,59,27,32,6.5,1.5,5.0,0,53618.08,,2,2,6,2,6,7,1,0,1,0
3p6.3d7.4s.(5F).4d,f 4H,f,,,1.168,1.168,,,27,59,27,32,5.5,1.5,5.0,0,54315.67,,2,2,6,2,6,7,1,0,1,0
3p6.3d7.4s.(5F).4d,f 4H,f,,,1.10,1.1,,,27,59,27,32,4.5,1.5,5.0,0,54860.93,,2,2,6,2,6,7,1,0,1,0
3p6.3d7.4s.(5F).4d,f 4H,f,,,0.857,0.857,,,27,59,27,32,3.5,1.5,5.0,0,55268.75,,2,2,6,2,6,7,1,0,1,0
3p6.3d7.4s.(5F).4d,f 6F,f,,,1.421,1.421,,,27,59,27,32,5.5,2.5,3.0,0,53660.37,,2,2,6,2,6,7,1,0,1,0
3p6.3d7.4s.(5F).4d,f 6F,f,,,1.403,1.403,,,27,59,27,32,4.5,2.5,3.0,0,54356.45,,2,2,6,2,6,7,1,0,1,0
3p6.3d7.4s.(5F).4d,f 6F,f,,,1.27,1.27,,,27,59,27,32,3.5,2.5,3.0,0,54896.57,,2,2,6,2,6,7,1,0,1,0
3p6.3d7.4s.(5F).4d,f 6F,f,,,1.17,1.17,,,27,59,27,32,2.5,2.5,3.0,0,55283.02,,2,2,6,2,6,7,1,0,1,0
3p6.3d7.4s.(5F).4d,f 6F,f,,?,1.07,1.07,,,27,59,27,32,1.5,2.5,3.0,0,55577.28,,2,2,6,2,6,7,1,0,1,0
3p6.3d7.4s.(5F).4d,f 4D,f,,,1.377,1.377,,,27,59,27,32,3.5,1.5,2.0,0,53702.13,,2,2,6,2,6,7,1,0,1,0
3p6.3d7.4s.(5F).4d,f 4D,f,,?,,,,,27,59,27,32,2.5,1.5,2.0,0,54282.73,,2,2,6,2,6,7,1,0,1,0
3p6.3d7.4s.(5F).4d,e 6D,e,,,1.387,1.387,,,27,59,27,32,4.5,2.5,2.0,0,53725.2,,2,2,6,2,6,7,1,0,1,0
3p6.3d7.4s.(5F).4d,e 6D,e,,,1.48,1.48,,,27,59,27,32,3.5,2.5,2.0,0,54352.3,,2,2,6,2,6,7,1,0,1,0
3p6.3d7.4s.(5F).4d,e 6D,e,,,1.47,1.47,,,27,59,27,32,2.5,2.5,2.0,0,54946.9,,2,2,6,2,6,7,1,0,1,0
3p6.3d7.4s.(5F).4d,e 6D,e,,?,2.14,2.14,,,27,59,27,32,1.5,2.5,2.0,0,55407.1,,2,2,6,2,6,7,1,0,1,0
3p6.3d7.4s.(5F).4d,e 6G,e,,?,1.35,1.35,,,27,59,27,32,6.5,2.5,4.0,0,53728.36,,2,2,6,2,6,7,1,0,1,0
3p6.3d7.4s.(5F).4d,e 6G,e,,,1.320,1.32,,,27,59,27,32,5.5,2.5,4.0,0,54367.43,,2,2,6,2,6,7,1,0,1,0
3p6.3d7.4s.(5F).4d,e 6G,e,,,1.23,1.23,,,27,59,27,32,4.5,2.5,4.0,0,54682.91,,2,2,6,2,6,7,1,0,1,0
3p6.3d7.4s.(5F).4d,e 6G,e,,?,1.23,1.23,,,27,59,27,32,3.5,2.5,4.0,0,54989.62,,2,2,6,2,6,7,1,0,1,0
3p6.3d7.4s.(5F).4d,e 6G,e,,,,,,,27,59,27,32,1.5,2.5,4.0,0,55389.73,,2,2,6,2,6,7,1,0,1,0
3p6.3d7.4s.(5F).4d,e 6G,e,,,1.199,1.199,,,27,59,27,32,2.5,2.5,4.0,0,55449.97,,2,2,6,2,6,7,1,0,1,0
3p6.3d7.4s.(5F).4d,i 4F,i,,,1.316,1.316,,,27,59,27,32,4.5,1.5,3.0,0,53788.78,,2,2,6,2,6,7,1,0,1,0
3p6.3d7.4s.(5F).4d,i 4F,i,,,,,,,27,59,27,32,3.5,1.5,3.0,0,54477.07,,2,2,6,2,6,7,1,0,1,0
3p6.3d7.4s.(5F).4d,i 4F,i,,,0.85,0.85,,,27,59,27,32,2.5,1.5,3.0,0,54904.99,,2,2,6,2,6,7,1,0,1,0
3p6.3d7.4s.(5F).4d,e 6P,e,,,1.635,1.635,,,27,59,27,32,3.5,2.5,1.0,0,53789.12,,2,2,6,2,6,7,1,0,1,0
3p6.3d7.4s.(5F).4d,e 6P,e,,,1.594,1.594,,,27,59,27,32,2.5,2.5,1.0,0,54445.61,,2,2,6,2,6,7,1,0,1,0
3p6.3d7.4s.(5F).4d,e 6P,e,,,2.134,2.134,,,27,59,27,32,1.5,2.5,1.0,0,54949.97,,2,2,6,2,6,7,1,0,1,0
3p6.3d7.4s.(5F).4d,e 6H,e,,,1.34,1.34,,,27,59,27,32,7.5,2.5,5.0,0,53822.08,,2,2,6,2,6,7,1,0,1,0
3p6.3d7.4s.(5F).4d,e 6H,e,,,1.289,1.289,,,27,59,27,32,6.5,2.5,5.0,0,54452.38,,2,2,6,2,6,7,1,0,1,0
3p6.3d7.4s.(5F).4d,e 6H,e,,,1.22,1.22,,,27,59,27,32,5.5,2.5,5.0,0,54947.68,,2,2,6,2,6,7,1,0,1,0
3p6.3d7.4s.(5F).4d,e 6H,e,,,1.108,1.108,,,27,59,27,32,4.5,2.5,5.0,0,55312.96,,2,2,6,2,6,7,1,0,1,0
3p6.3d7.4s.(5F).4d,e 6H,e,,,0.922,0.922,,,27,59,27,32,3.5,2.5,5.0,0,55520.64,,2,2,6,2,6,7,1,0,1,0
3p6.3d7.4s.(5F).4d,e 6H,e,,,,,,,27,59,27,32,2.5,2.5,5.0,0,55555.34,,2,2,6,2,6,7,1,0,1,0
3p6.3d7.4s.(5F).4d,f 4P,f,,,1.46,1.46,,,27,59,27,32,2.5,1.5,1.0,0,53936.68,,2,2,6,2,6,7,1,0,1,0
3p6.3d7.(a 2D).4s.4p.(3P*),2P*,,,,1.353,1.353,87.0,,27,59,27,32,1.5,0.5,1.0,1,54165.35,,2,2,6,2,6,7,1,1,0,0
,24*,,,,,,,,27,59,27,32,3.5,,,1,54398.6,,2,2,6,2,6,7,2,0,0,0
,1,,,,1.323,1.323,,,27,59,27,32,2.5,,,0,54561.74,,2,2,6,2,6,7,2,0,0,0
,v 4F*,v,,,,,,,27,59,27,32,4.5,1.5,3.0,1,54791.2,,2,2,6,2,6,7,2,0,0,0
,v 4F*,v,,?,,,,,27,59,27,32,3.5,1.5,3.0,1,55314.04,,2,2,6,2,6,7,2,0,0,0
,v 4F*,v,,,,,,,27,59,27,32,1.5,1.5,3.0,1,55622.84,,2,2,6,2,6,7,2,0,0,0
,v 4F*,v,,,,,,,27,59,27,32,2.5,1.5,3.0,1,55684.7,,2,2,6,2,6,7,2,0,0,0
,25*,,,,,,,,27,59,27,32,4.5,,,1,54874.08,,2,2,6,2,6,7,2,0,0,0
,26*,,,,,,,,27,59,27,32,3.5,,,1,54932.32,,2,2,6,2,6,7,2,0,0,0
,27*,,,,1.539,1.539,,,27,59,27,32,2.5,,,1,55061.49,,2,2,6,2,6,7,2,0,0,0
,2,,,,1.46,1.46,,,27,59,27,32,1.5,,,0,55078.76,,2,2,6,2,6,7,2,0,0,0
,28*,,,?,,,,,27,59,27,32,3.5,,,1,55120.3,,2,2,6,2,6,7,2,0,0,0
,3,,,,1.14,1.14,,,27,59,27,32,3.5,,,0,55223.14,,2,2,6,2,6,7,2,0,0,0
,29*,,,?,1.170,1.17,,,27,59,27,32,2.5,,,1,55387.11,,2,2,6,2,6,7,2,0,0,0
,30*,,,,,,,,27,59,27,32,2.5,,,1,55508.78,,2,2,6,2,6,7,2,0,0,0
,4,,,,,,,,27,59,27,32,2.5,,,0,55598.74,,2,2,6,2,6,7,2,0,0,0
,5,,,,,,,,27,59,27,32,1.5,,,0,55721.01,,2,2,6,2,6,7,2,0,0,0
,5,,,,,,,,27,59,27,32,2.5,,,0,55721.01,,2,2,6,2,6,7,2,0,0,0
,31*,,,,,,,,27,59,27,32,1.5,,,1,55737.87,,2,2,6,2,6,7,2,0,0,0
,32*,,,,1.31,1.31,,,27,59,27,32,1.5,,,1,55818.91,,2,2,6,2,6,7,2,0,0,0
,6,,,,,,,,27,59,27,32,0.5,,,0,55826.81,,2,2,6,2,6,7,2,0,0,0
,33*,,,,,,,,27,59,27,32,1.5,,,1,55922.3,,2,2,6,2,6,7,2,0,0,0
,33*,,,,,,,,27,59,27,32,2.5,,,1,55922.3,,2,2,6,2,6,7,2,0,0,0
3p6.3d8.(3P).5s,g 4P,g,,?,,,,,27,59,27,32,2.5,1.5,1.0,0,56545.51,,2,2,6,2,6,8,0,0,0,1
,g 4H,g,,,,,,,27,59,27,32,6.5,1.5,5.0,0,57922.06,,2,2,6,2,6,7,2,0,0,0
,g 4H,g,,,,,,,27,59,27,32,5.5,1.5,5.0,0,58441.03,,2,2,6,2,6,7,2,0,0,0
,g 4H,g,,,,,,,27,59,27,32,4.5,1.5,5.0,0,58673.73,,2,2,6,2,6,7,2,0,0,0
,g 4H,g,,?,,,,,27,59,27,32,3.5,1.5,5.0,0,59314.82,,2,2,6,2,6,7,2,0,0,0
,36*,,,,,,,,27,59,27,32,3.5,,,1,58187.39,,2,2,6,2,6,7,2,0,0,0
,36*,,,,,,,,27,59,27,32,4.5,,,1,58187.39,,2,2,6,2,6,7,2,0,0,0
,37*,,,,,,,,27,59,27,32,2.5,,,1,59388.89,,2,2,6,2,6,7,2,0,0,0
,37*,,,,,,,,27,59,27,32,3.5,,,1,59388.89,,2,2,6,2,6,7,2,0,0,0
