Configuration,Term,Prefix,Suffix,Lande,Reference,Z,A,proton_number,neutron_number,J,S_qn,L_qn,parity,1s,2s,2p,3s,3p,3d,4s,4p,4d,4f,5s,5p,5d,6s,6p,6d,7s,7p,7d,8s,8p,8d,9s,9p,9d,10s,10p,10d,11s,11p,11d,12s,12p,12d,13s,13p,13d,14s,14p,14d,15s,15p,15d,16s,16p,16d,17s,17p,17d,18s,18p,18d,19s,19p,19d,20s,20p,20d,21s,21p,21d,22s,22p,22d,23s,23p,23d,24s,24p,24d,25s,25p,25d,26s,26p,26d,27s,27p,27d,28s,28p,28d,29s,29p,29d,30s,30p,30d,Level (cm-1),Uncertainty (cm-1)
7s,2S,,,,L12264,87,223,87,136,0.5,0.5,0,0,2,2,6,2,6,10,2,6,10,14,2,6,10,2,6,0,1,0,0,0,0,0,0,0,0,0,0,0,0,0,0,0,0,0,0,0,0,0,0,0,0,0,0,0,0,0,0,0,0,0,0,0,0,0,0,0,0,0,0,0,0,0,0,0,0,0,0,0,0,0,0,0,0,0,0,0,0,0,0,0,0,0,0,0,0,0,0,0,0.0,0.002
7p,2P*,,,,L6679,87,223,87,136,0.5,0.5,1,1,2,2,6,2,6,10,2,6,10,14,2,6,10,2,6,0,0,1,0,0,0,0,0,0,0,0,0,0,0,0,0,0,0,0,0,0,0,0,0,0,0,0,0,0,0,0,0,0,0,0,0,0,0,0,0,0,0,0,0,0,0,0,0,0,0,0,0,0,0,0,0,0,0,0,0,0,0,0,0,0,0,0,0,0,0,0,0,0,12237.409,0.002
7p,2P*,,,,L6679,87,223,87,136,1.5,0.5,1,1,2,2,6,2,6,10,2,6,10,14,2,6,10,2,6,0,0,1,0,0,0,0,0,0,0,0,0,0,0,0,0,0,0,0,0,0,0,0,0,0,0,0,0,0,0,0,0,0,0,0,0,0,0,0,0,0,0,0,0,0,0,0,0,0,0,0,0,0,0,0,0,0,0,0,0,0,0,0,0,0,0,0,0,0,0,0,0,0,13923.998,0.002
6d,2D,,,,L11797,87,223,87,136,1.5,0.5,2,0,2,2,6,2,6,10,2,6,10,14,2,6,10,2,6,1,0,0,0,0,0,0,0,0,0,0,0,0,0,0,0,0,0,0,0,0,0,0,0,0,0,0,0,0,0,0,0,0,0,0,0,0,0,0,0,0,0,0,0,0,0,0,0,0,0,0,0,0,0,0,0,0,0,0,0,0,0,0,0,0,0,0,0,0,0,0,0,0,16229.87,0.03
6d,2D,,,,L11797,87,223,87,136,2.5,0.5,2,0,2,2,6,2,6,10,2,6,10,14,2,6,10,2,6,1,0,0,0,0,0,0,0,0,0,0,0,0,0,0,0,0,0,0,0,0,0,0,0,0,0,0,0,0,0,0,0,0,0,0,0,0,0,0,0,0,0,0,0,0,0,0,0,0,0,0,0,0,0,0,0,0,0,0,0,0,0,0,0,0,0,0,0,0,0,0,0,0,16429.64,0.03
8s,2S,,,,L11797,87,223,87,136,0.5,0.5,0,0,2,2,6,2,6,10,2,6,10,14,2,6,10,2,6,0,0,0,0,1,0,0,0,0,0,0,0,0,0,0,0,0,0,0,0,0,0,0,0,0,0,0,0,0,0,0,0,0,0,0,0,0,0,0,0,0,0,0,0,0,0,0,0,0,0,0,0,0,0,0,0,0,0,0,0,0,0,0,0,0,0,0,0,0,0,0,0,0,19739.98,0.03
8p,2P*,,,,L6731,87,223,87,136,0.5,0.5,1,1,2,2,6,2,6,10,2,6,10,14,2,6,10,2,6,0,0,0,0,0,1,0,0,0,0,0,0,0,0,0,0,0,0,0,0,0,0,0,0,0,0,0,0,0,0,0,0,0,0,0,0,0,0,0,0,0,0,0,0,0,0,0,0,0,0,0,0,0,0,0,0,0,0,0,0,0,0,0,0,0,0,0,0,0,0,0,0,0,23112.96,0.005
8p,2P*,,,,L6731,87,223,87,136,1.5,0.5,1,1,2,2,6,2,6,10,2,6,10,14,2,6,10,2,6,0,0,0,0,0,1,0,0,0,0,0,0,0,0,0,0,0,0,0,0,0,0,0,0,0,0,0,0,0,0,0,0,0,0,0,0,0,0,0,0,0,0,0,0,0,0,0,0,0,0,0,0,0,0,0,0,0,0,0,0,0,0,0,0,0,0,0,0,0,0,0,0,0,23658.306,0.004
7d,2D,,,,L11797,87,223,87,136,1.5,0.5,2,0,2,2,6,2,6,10,2,6,10,14,2,6,10,2,6,0,0,0,1,0,0,0,0,0,0,0,0,0,0,0,0,0,0,0,0,0,0,0,0,0,0,0,0,0,0,0,0,0,0,0,0,0,0,0,0,0,0,0,0,0,0,0,0,0,0,0,0,0,0,0,0,0,0,0,0,0,0,0,0,0,0,0,0,0,0,0,0,0,24244.03,0.03
7d,2D,,,,L11797,87,223,87,136,2.5,0.5,2,0,2,2,6,2,6,10,2,6,10,14,2,6,10,2,6,0,0,0,1,0,0,0,0,0,0,0,0,0,0,0,0,0,0,0,0,0,0,0,0,0,0,0,0,0,0,0,0,0,0,0,0,0,0,0,0,0,0,0,0,0,0,0,0,0,0,0,0,0,0,0,0,0,0,0,0,0,0,0,0,0,0,0,0,0,0,0,0,0,24332.93,0.03
9s,2S,,,,L11797,87,223,87,136,0.5,0.5,0,0,2,2,6,2,6,10,2,6,10,14,2,6,10,2,6,0,0,0,0,0,0,0,1,0,0,0,0,0,0,0,0,0,0,0,0,0,0,0,0,0,0,0,0,0,0,0,0,0,0,0,0,0,0,0,0,0,0,0,0,0,0,0,0,0,0,0,0,0,0,0,0,0,0,0,0,0,0,0,0,0,0,0,0,0,0,0,0,0,25671.0,0.04
9p,2P*,,,,L11797,87,223,87,136,0.5,0.5,1,1,2,2,6,2,6,10,2,6,10,14,2,6,10,2,6,0,0,0,0,0,0,0,0,1,0,0,0,0,0,0,0,0,0,0,0,0,0,0,0,0,0,0,0,0,0,0,0,0,0,0,0,0,0,0,0,0,0,0,0,0,0,0,0,0,0,0,0,0,0,0,0,0,0,0,0,0,0,0,0,0,0,0,0,0,0,0,0,0,27118.21,0.05
9p,2P*,,,,L11797,87,223,87,136,1.5,0.5,1,1,2,2,6,2,6,10,2,6,10,14,2,6,10,2,6,0,0,0,0,0,0,0,0,1,0,0,0,0,0,0,0,0,0,0,0,0,0,0,0,0,0,0,0,0,0,0,0,0,0,0,0,0,0,0,0,0,0,0,0,0,0,0,0,0,0,0,0,0,0,0,0,0,0,0,0,0,0,0,0,0,0,0,0,0,0,0,0,0,27366.2,0.05
8d,2D,,,,L10714,87,223,87,136,1.5,0.5,2,0,2,2,6,2,6,10,2,6,10,14,2,6,10,2,6,0,0,0,0,0,0,1,0,0,0,0,0,0,0,0,0,0,0,0,0,0,0,0,0,0,0,0,0,0,0,0,0,0,0,0,0,0,0,0,0,0,0,0,0,0,0,0,0,0,0,0,0,0,0,0,0,0,0,0,0,0,0,0,0,0,0,0,0,0,0,0,0,0,27600.657,0.007
8d,2D,,,,L10714,87,223,87,136,2.5,0.5,2,0,2,2,6,2,6,10,2,6,10,14,2,6,10,2,6,0,0,0,0,0,0,1,0,0,0,0,0,0,0,0,0,0,0,0,0,0,0,0,0,0,0,0,0,0,0,0,0,0,0,0,0,0,0,0,0,0,0,0,0,0,0,0,0,0,0,0,0,0,0,0,0,0,0,0,0,0,0,0,0,0,0,0,0,0,0,0,0,0,27645.373,0.007
10s,2S,,,,L10714,87,223,87,136,0.5,0.5,0,0,2,2,6,2,6,10,2,6,10,14,2,6,10,2,6,0,0,0,0,0,0,0,0,0,0,1,0,0,0,0,0,0,0,0,0,0,0,0,0,0,0,0,0,0,0,0,0,0,0,0,0,0,0,0,0,0,0,0,0,0,0,0,0,0,0,0,0,0,0,0,0,0,0,0,0,0,0,0,0,0,0,0,0,0,0,0,0,0,28310.617,0.006
10p,2P*,,,,L11797,87,223,87,136,0.5,0.5,1,1,2,2,6,2,6,10,2,6,10,14,2,6,10,2,6,0,0,0,0,0,0,0,0,0,0,0,1,0,0,0,0,0,0,0,0,0,0,0,0,0,0,0,0,0,0,0,0,0,0,0,0,0,0,0,0,0,0,0,0,0,0,0,0,0,0,0,0,0,0,0,0,0,0,0,0,0,0,0,0,0,0,0,0,0,0,0,0,0,29064.18,0.05
10p,2P*,,,,L11797,87,223,87,136,1.5,0.5,1,1,2,2,6,2,6,10,2,6,10,14,2,6,10,2,6,0,0,0,0,0,0,0,0,0,0,0,1,0,0,0,0,0,0,0,0,0,0,0,0,0,0,0,0,0,0,0,0,0,0,0,0,0,0,0,0,0,0,0,0,0,0,0,0,0,0,0,0,0,0,0,0,0,0,0,0,0,0,0,0,0,0,0,0,0,0,0,0,0,29198.09,0.05
9d,2D,,,,L10714,87,223,87,136,1.5,0.5,2,0,2,2,6,2,6,10,2,6,10,14,2,6,10,2,6,0,0,0,0,0,0,0,0,0,1,0,0,0,0,0,0,0,0,0,0,0,0,0,0,0,0,0,0,0,0,0,0,0,0,0,0,0,0,0,0,0,0,0,0,0,0,0,0,0,0,0,0,0,0,0,0,0,0,0,0,0,0,0,0,0,0,0,0,0,0,0,0,0,29316.497,0.007
9d,2D,,,,L10714,87,223,87,136,2.5,0.5,2,0,2,2,6,2,6,10,2,6,10,14,2,6,10,2,6,0,0,0,0,0,0,0,0,0,1,0,0,0,0,0,0,0,0,0,0,0,0,0,0,0,0,0,0,0,0,0,0,0,0,0,0,0,0,0,0,0,0,0,0,0,0,0,0,0,0,0,0,0,0,0,0,0,0,0,0,0,0,0,0,0,0,0,0,0,0,0,0,0,29341.817,0.007
11s,2S,,,,L10714,87,223,87,136,0.5,0.5,0,0,2,2,6,2,6,10,2,6,10,14,2,6,10,2,6,0,0,0,0,0,0,0,0,0,0,0,0,0,1,0,0,0,0,0,0,0,0,0,0,0,0,0,0,0,0,0,0,0,0,0,0,0,0,0,0,0,0,0,0,0,0,0,0,0,0,0,0,0,0,0,0,0,0,0,0,0,0,0,0,0,0,0,0,0,0,0,0,0,29718.909,0.006
11p,2P*,,,,L11797,87,223,87,136,0.5,0.5,1,1,2,2,6,2,6,10,2,6,10,14,2,6,10,2,6,0,0,0,0,0,0,0,0,0,0,0,0,0,0,1,0,0,0,0,0,0,0,0,0,0,0,0,0,0,0,0,0,0,0,0,0,0,0,0,0,0,0,0,0,0,0,0,0,0,0,0,0,0,0,0,0,0,0,0,0,0,0,0,0,0,0,0,0,0,0,0,0,0,30161.07,0.05
11p,2P*,,,,L11797,87,223,87,136,1.5,0.5,1,1,2,2,6,2,6,10,2,6,10,14,2,6,10,2,6,0,0,0,0,0,0,0,0,0,0,0,0,0,0,1,0,0,0,0,0,0,0,0,0,0,0,0,0,0,0,0,0,0,0,0,0,0,0,0,0,0,0,0,0,0,0,0,0,0,0,0,0,0,0,0,0,0,0,0,0,0,0,0,0,0,0,0,0,0,0,0,0,0,30241.6,0.05
10d,2D,,,,L10669,87,223,87,136,1.5,0.5,2,0,2,2,6,2,6,10,2,6,10,14,2,6,10,2,6,0,0,0,0,0,0,0,0,0,0,0,0,1,0,0,0,0,0,0,0,0,0,0,0,0,0,0,0,0,0,0,0,0,0,0,0,0,0,0,0,0,0,0,0,0,0,0,0,0,0,0,0,0,0,0,0,0,0,0,0,0,0,0,0,0,0,0,0,0,0,0,0,0,30309.962,0.006
10d,2D,,,,L10669,87,223,87,136,2.5,0.5,2,0,2,2,6,2,6,10,2,6,10,14,2,6,10,2,6,0,0,0,0,0,0,0,0,0,0,0,0,1,0,0,0,0,0,0,0,0,0,0,0,0,0,0,0,0,0,0,0,0,0,0,0,0,0,0,0,0,0,0,0,0,0,0,0,0,0,0,0,0,0,0,0,0,0,0,0,0,0,0,0,0,0,0,0,0,0,0,0,0,30325.605,0.006
12s,2S,,,,L10669,87,223,87,136,0.5,0.5,0,0,2,2,6,2,6,10,2,6,10,14,2,6,10,2,6,0,0,0,0,0,0,0,0,0,0,0,0,0,0,0,0,1,0,0,0,0,0,0,0,0,0,0,0,0,0,0,0,0,0,0,0,0,0,0,0,0,0,0,0,0,0,0,0,0,0,0,0,0,0,0,0,0,0,0,0,0,0,0,0,0,0,0,0,0,0,0,0,0,30559.504,0.006
12p,2P*,,,,L11797,87,223,87,136,0.5,0.5,1,1,2,2,6,2,6,10,2,6,10,14,2,6,10,2,6,0,0,0,0,0,0,0,0,0,0,0,0,0,0,0,0,0,1,0,0,0,0,0,0,0,0,0,0,0,0,0,0,0,0,0,0,0,0,0,0,0,0,0,0,0,0,0,0,0,0,0,0,0,0,0,0,0,0,0,0,0,0,0,0,0,0,0,0,0,0,0,0,0,30840.98,0.05
12p,2P*,,,,L11797,87,223,87,136,1.5,0.5,1,1,2,2,6,2,6,10,2,6,10,14,2,6,10,2,6,0,0,0,0,0,0,0,0,0,0,0,0,0,0,0,0,0,1,0,0,0,0,0,0,0,0,0,0,0,0,0,0,0,0,0,0,0,0,0,0,0,0,0,0,0,0,0,0,0,0,0,0,0,0,0,0,0,0,0,0,0,0,0,0,0,0,0,0,0,0,0,0,0,30893.16,0.05
11d,2D,,,,L10669,87,223,87,136,1.5,0.5,2,0,2,2,6,2,6,10,2,6,10,14,2,6,10,2,6,0,0,0,0,0,0,0,0,0,0,0,0,0,0,0,1,0,0,0,0,0,0,0,0,0,0,0,0,0,0,0,0,0,0,0,0,0,0,0,0,0,0,0,0,0,0,0,0,0,0,0,0,0,0,0,0,0,0,0,0,0,0,0,0,0,0,0,0,0,0,0,0,0,30936.325,0.006
11d,2D,,,,L10669,87,223,87,136,2.5,0.5,2,0,2,2,6,2,6,10,2,6,10,14,2,6,10,2,6,0,0,0,0,0,0,0,0,0,0,0,0,0,0,0,1,0,0,0,0,0,0,0,0,0,0,0,0,0,0,0,0,0,0,0,0,0,0,0,0,0,0,0,0,0,0,0,0,0,0,0,0,0,0,0,0,0,0,0,0,0,0,0,0,0,0,0,0,0,0,0,0,0,30946.643,0.006
13s,2S,,,,L10669,87,223,87,136,0.5,0.5,0,0,2,2,6,2,6,10,2,6,10,14,2,6,10,2,6,0,0,0,0,0,0,0,0,0,0,0,0,0,0,0,0,0,0,0,1,0,0,0,0,0,0,0,0,0,0,0,0,0,0,0,0,0,0,0,0,0,0,0,0,0,0,0,0,0,0,0,0,0,0,0,0,0,0,0,0,0,0,0,0,0,0,0,0,0,0,0,0,0,31101.539,0.006
13p,2P*,,,,L11797,87,223,87,136,0.5,0.5,1,1,2,2,6,2,6,10,2,6,10,14,2,6,10,2,6,0,0,0,0,0,0,0,0,0,0,0,0,0,0,0,0,0,0,0,0,1,0,0,0,0,0,0,0,0,0,0,0,0,0,0,0,0,0,0,0,0,0,0,0,0,0,0,0,0,0,0,0,0,0,0,0,0,0,0,0,0,0,0,0,0,0,0,0,0,0,0,0,0,31291.72,0.05
13p,2P*,,,,L11797,87,223,87,136,1.5,0.5,1,1,2,2,6,2,6,10,2,6,10,14,2,6,10,2,6,0,0,0,0,0,0,0,0,0,0,0,0,0,0,0,0,0,0,0,0,1,0,0,0,0,0,0,0,0,0,0,0,0,0,0,0,0,0,0,0,0,0,0,0,0,0,0,0,0,0,0,0,0,0,0,0,0,0,0,0,0,0,0,0,0,0,0,0,0,0,0,0,0,31327.46,0.05
12d,2D,,,,L10669,87,223,87,136,1.5,0.5,2,0,2,2,6,2,6,10,2,6,10,14,2,6,10,2,6,0,0,0,0,0,0,0,0,0,0,0,0,0,0,0,0,0,0,1,0,0,0,0,0,0,0,0,0,0,0,0,0,0,0,0,0,0,0,0,0,0,0,0,0,0,0,0,0,0,0,0,0,0,0,0,0,0,0,0,0,0,0,0,0,0,0,0,0,0,0,0,0,0,31356.506,0.006
12d,2D,,,,L10669,87,223,87,136,2.5,0.5,2,0,2,2,6,2,6,10,2,6,10,14,2,6,10,2,6,0,0,0,0,0,0,0,0,0,0,0,0,0,0,0,0,0,0,1,0,0,0,0,0,0,0,0,0,0,0,0,0,0,0,0,0,0,0,0,0,0,0,0,0,0,0,0,0,0,0,0,0,0,0,0,0,0,0,0,0,0,0,0,0,0,0,0,0,0,0,0,0,0,31363.655,0.006
14s,2S,,,,L10669,87,223,87,136,0.5,0.5,0,0,2,2,6,2,6,10,2,6,10,14,2,6,10,2,6,0,0,0,0,0,0,0,0,0,0,0,0,0,0,0,0,0,0,0,0,0,0,1,0,0,0,0,0,0,0,0,0,0,0,0,0,0,0,0,0,0,0,0,0,0,0,0,0,0,0,0,0,0,0,0,0,0,0,0,0,0,0,0,0,0,0,0,0,0,0,0,0,0,31471.465,0.006
14p,2P*,,,,L11797,87,223,87,136,0.5,0.5,1,1,2,2,6,2,6,10,2,6,10,14,2,6,10,2,6,0,0,0,0,0,0,0,0,0,0,0,0,0,0,0,0,0,0,0,0,0,0,0,1,0,0,0,0,0,0,0,0,0,0,0,0,0,0,0,0,0,0,0,0,0,0,0,0,0,0,0,0,0,0,0,0,0,0,0,0,0,0,0,0,0,0,0,0,0,0,0,0,0,31605.95,0.05
14p,2P*,,,,L11797,87,223,87,136,1.5,0.5,1,1,2,2,6,2,6,10,2,6,10,14,2,6,10,2,6,0,0,0,0,0,0,0,0,0,0,0,0,0,0,0,0,0,0,0,0,0,0,0,1,0,0,0,0,0,0,0,0,0,0,0,0,0,0,0,0,0,0,0,0,0,0,0,0,0,0,0,0,0,0,0,0,0,0,0,0,0,0,0,0,0,0,0,0,0,0,0,0,0,31631.49,0.05
13d,2D,,,,L10669,87,223,87,136,1.5,0.5,2,0,2,2,6,2,6,10,2,6,10,14,2,6,10,2,6,0,0,0,0,0,0,0,0,0,0,0,0,0,0,0,0,0,0,0,0,0,1,0,0,0,0,0,0,0,0,0,0,0,0,0,0,0,0,0,0,0,0,0,0,0,0,0,0,0,0,0,0,0,0,0,0,0,0,0,0,0,0,0,0,0,0,0,0,0,0,0,0,0,31652.0,0.006
13d,2D,,,,L10669,87,223,87,136,2.5,0.5,2,0,2,2,6,2,6,10,2,6,10,14,2,6,10,2,6,0,0,0,0,0,0,0,0,0,0,0,0,0,0,0,0,0,0,0,0,0,1,0,0,0,0,0,0,0,0,0,0,0,0,0,0,0,0,0,0,0,0,0,0,0,0,0,0,0,0,0,0,0,0,0,0,0,0,0,0,0,0,0,0,0,0,0,0,0,0,0,0,0,31657.155,0.006
15s,2S,,,,L10669,87,223,87,136,0.5,0.5,0,0,2,2,6,2,6,10,2,6,10,14,2,6,10,2,6,0,0,0,0,0,0,0,0,0,0,0,0,0,0,0,0,0,0,0,0,0,0,0,0,0,1,0,0,0,0,0,0,0,0,0,0,0,0,0,0,0,0,0,0,0,0,0,0,0,0,0,0,0,0,0,0,0,0,0,0,0,0,0,0,0,0,0,0,0,0,0,0,0,31735.182,0.006
15p,2P*,,,,L11797,87,223,87,136,0.5,0.5,1,1,2,2,6,2,6,10,2,6,10,14,2,6,10,2,6,0,0,0,0,0,0,0,0,0,0,0,0,0,0,0,0,0,0,0,0,0,0,0,0,0,0,1,0,0,0,0,0,0,0,0,0,0,0,0,0,0,0,0,0,0,0,0,0,0,0,0,0,0,0,0,0,0,0,0,0,0,0,0,0,0,0,0,0,0,0,0,0,0,31833.76,0.05
15p,2P*,,,,L11797,87,223,87,136,1.5,0.5,1,1,2,2,6,2,6,10,2,6,10,14,2,6,10,2,6,0,0,0,0,0,0,0,0,0,0,0,0,0,0,0,0,0,0,0,0,0,0,0,0,0,0,1,0,0,0,0,0,0,0,0,0,0,0,0,0,0,0,0,0,0,0,0,0,0,0,0,0,0,0,0,0,0,0,0,0,0,0,0,0,0,0,0,0,0,0,0,0,0,31852.65,0.05
14d,2D,,,,L10669,87,223,87,136,1.5,0.5,2,0,2,2,6,2,6,10,2,6,10,14,2,6,10,2,6,0,0,0,0,0,0,0,0,0,0,0,0,0,0,0,0,0,0,0,0,0,0,0,0,1,0,0,0,0,0,0,0,0,0,0,0,0,0,0,0,0,0,0,0,0,0,0,0,0,0,0,0,0,0,0,0,0,0,0,0,0,0,0,0,0,0,0,0,0,0,0,0,0,31867.682,0.006
14d,2D,,,,L10669,87,223,87,136,2.5,0.5,2,0,2,2,6,2,6,10,2,6,10,14,2,6,10,2,6,0,0,0,0,0,0,0,0,0,0,0,0,0,0,0,0,0,0,0,0,0,0,0,0,1,0,0,0,0,0,0,0,0,0,0,0,0,0,0,0,0,0,0,0,0,0,0,0,0,0,0,0,0,0,0,0,0,0,0,0,0,0,0,0,0,0,0,0,0,0,0,0,0,31871.514,0.006
16s,2S,,,,L10669,87,223,87,136,0.5,0.5,0,0,2,2,6,2,6,10,2,6,10,14,2,6,10,2,6,0,0,0,0,0,0,0,0,0,0,0,0,0,0,0,0,0,0,0,0,0,0,0,0,0,0,0,0,1,0,0,0,0,0,0,0,0,0,0,0,0,0,0,0,0,0,0,0,0,0,0,0,0,0,0,0,0,0,0,0,0,0,0,0,0,0,0,0,0,0,0,0,0,31929.789,0.006
16p,2P*,,,,L11797,87,223,87,136,0.5,0.5,1,1,2,2,6,2,6,10,2,6,10,14,2,6,10,2,6,0,0,0,0,0,0,0,0,0,0,0,0,0,0,0,0,0,0,0,0,0,0,0,0,0,0,0,0,0,1,0,0,0,0,0,0,0,0,0,0,0,0,0,0,0,0,0,0,0,0,0,0,0,0,0,0,0,0,0,0,0,0,0,0,0,0,0,0,0,0,0,0,0,32004.2,0.05
16p,2P*,,,,L11797,87,223,87,136,1.5,0.5,1,1,2,2,6,2,6,10,2,6,10,14,2,6,10,2,6,0,0,0,0,0,0,0,0,0,0,0,0,0,0,0,0,0,0,0,0,0,0,0,0,0,0,0,0,0,1,0,0,0,0,0,0,0,0,0,0,0,0,0,0,0,0,0,0,0,0,0,0,0,0,0,0,0,0,0,0,0,0,0,0,0,0,0,0,0,0,0,0,0,32018.55,0.05
15d,2D,,,,L10669,87,223,87,136,1.5,0.5,2,0,2,2,6,2,6,10,2,6,10,14,2,6,10,2,6,0,0,0,0,0,0,0,0,0,0,0,0,0,0,0,0,0,0,0,0,0,0,0,0,0,0,0,1,0,0,0,0,0,0,0,0,0,0,0,0,0,0,0,0,0,0,0,0,0,0,0,0,0,0,0,0,0,0,0,0,0,0,0,0,0,0,0,0,0,0,0,0,0,32029.909,0.006
15d,2D,,,,L10669,87,223,87,136,2.5,0.5,2,0,2,2,6,2,6,10,2,6,10,14,2,6,10,2,6,0,0,0,0,0,0,0,0,0,0,0,0,0,0,0,0,0,0,0,0,0,0,0,0,0,0,0,1,0,0,0,0,0,0,0,0,0,0,0,0,0,0,0,0,0,0,0,0,0,0,0,0,0,0,0,0,0,0,0,0,0,0,0,0,0,0,0,0,0,0,0,0,0,32032.821,0.006
17s,2S,,,,L10669,87,223,87,136,0.5,0.5,0,0,2,2,6,2,6,10,2,6,10,14,2,6,10,2,6,0,0,0,0,0,0,0,0,0,0,0,0,0,0,0,0,0,0,0,0,0,0,0,0,0,0,0,0,0,0,0,1,0,0,0,0,0,0,0,0,0,0,0,0,0,0,0,0,0,0,0,0,0,0,0,0,0,0,0,0,0,0,0,0,0,0,0,0,0,0,0,0,0,32077.492,0.006
17p,2P*,,,,L11797,87,223,87,136,0.5,0.5,1,1,2,2,6,2,6,10,2,6,10,14,2,6,10,2,6,0,0,0,0,0,0,0,0,0,0,0,0,0,0,0,0,0,0,0,0,0,0,0,0,0,0,0,0,0,0,0,0,1,0,0,0,0,0,0,0,0,0,0,0,0,0,0,0,0,0,0,0,0,0,0,0,0,0,0,0,0,0,0,0,0,0,0,0,0,0,0,0,0,32135.03,0.05
17p,2P*,,,,L11797,87,223,87,136,1.5,0.5,1,1,2,2,6,2,6,10,2,6,10,14,2,6,10,2,6,0,0,0,0,0,0,0,0,0,0,0,0,0,0,0,0,0,0,0,0,0,0,0,0,0,0,0,0,0,0,0,0,1,0,0,0,0,0,0,0,0,0,0,0,0,0,0,0,0,0,0,0,0,0,0,0,0,0,0,0,0,0,0,0,0,0,0,0,0,0,0,0,0,32146.2,0.05
16d,2D,,,,L10669,87,223,87,136,1.5,0.5,2,0,2,2,6,2,6,10,2,6,10,14,2,6,10,2,6,0,0,0,0,0,0,0,0,0,0,0,0,0,0,0,0,0,0,0,0,0,0,0,0,0,0,0,0,0,0,1,0,0,0,0,0,0,0,0,0,0,0,0,0,0,0,0,0,0,0,0,0,0,0,0,0,0,0,0,0,0,0,0,0,0,0,0,0,0,0,0,0,0,32154.979,0.006
16d,2D,,,,L10669,87,223,87,136,2.5,0.5,2,0,2,2,6,2,6,10,2,6,10,14,2,6,10,2,6,0,0,0,0,0,0,0,0,0,0,0,0,0,0,0,0,0,0,0,0,0,0,0,0,0,0,0,0,0,0,1,0,0,0,0,0,0,0,0,0,0,0,0,0,0,0,0,0,0,0,0,0,0,0,0,0,0,0,0,0,0,0,0,0,0,0,0,0,0,0,0,0,0,32157.274,0.006
18s,2S,,,,L10669,87,223,87,136,0.5,0.5,0,0,2,2,6,2,6,10,2,6,10,14,2,6,10,2,6,0,0,0,0,0,0,0,0,0,0,0,0,0,0,0,0,0,0,0,0,0,0,0,0,0,0,0,0,0,0,0,0,0,0,1,0,0,0,0,0,0,0,0,0,0,0,0,0,0,0,0,0,0,0,0,0,0,0,0,0,0,0,0,0,0,0,0,0,0,0,0,0,0,32192.251,0.006
18p,2P*,,,,L11797,87,223,87,136,0.5,0.5,1,1,2,2,6,2,6,10,2,6,10,14,2,6,10,2,6,0,0,0,0,0,0,0,0,0,0,0,0,0,0,0,0,0,0,0,0,0,0,0,0,0,0,0,0,0,0,0,0,0,0,0,1,0,0,0,0,0,0,0,0,0,0,0,0,0,0,0,0,0,0,0,0,0,0,0,0,0,0,0,0,0,0,0,0,0,0,0,0,0,32237.65,0.05
18p,2P*,,,,L11797,87,223,87,136,1.5,0.5,1,1,2,2,6,2,6,10,2,6,10,14,2,6,10,2,6,0,0,0,0,0,0,0,0,0,0,0,0,0,0,0,0,0,0,0,0,0,0,0,0,0,0,0,0,0,0,0,0,0,0,0,1,0,0,0,0,0,0,0,0,0,0,0,0,0,0,0,0,0,0,0,0,0,0,0,0,0,0,0,0,0,0,0,0,0,0,0,0,0,32246.51,0.05
17d,2D,,,,L10669,87,223,87,136,1.5,0.5,2,0,2,2,6,2,6,10,2,6,10,14,2,6,10,2,6,0,0,0,0,0,0,0,0,0,0,0,0,0,0,0,0,0,0,0,0,0,0,0,0,0,0,0,0,0,0,0,0,0,1,0,0,0,0,0,0,0,0,0,0,0,0,0,0,0,0,0,0,0,0,0,0,0,0,0,0,0,0,0,0,0,0,0,0,0,0,0,0,0,32253.449,0.006
17d,2D,,,,L10669,87,223,87,136,2.5,0.5,2,0,2,2,6,2,6,10,2,6,10,14,2,6,10,2,6,0,0,0,0,0,0,0,0,0,0,0,0,0,0,0,0,0,0,0,0,0,0,0,0,0,0,0,0,0,0,0,0,0,1,0,0,0,0,0,0,0,0,0,0,0,0,0,0,0,0,0,0,0,0,0,0,0,0,0,0,0,0,0,0,0,0,0,0,0,0,0,0,0,32255.275,0.006
19s,2S,,,,L10669,87,223,87,136,0.5,0.5,0,0,2,2,6,2,6,10,2,6,10,14,2,6,10,2,6,0,0,0,0,0,0,0,0,0,0,0,0,0,0,0,0,0,0,0,0,0,0,0,0,0,0,0,0,0,0,0,0,0,0,0,0,0,1,0,0,0,0,0,0,0,0,0,0,0,0,0,0,0,0,0,0,0,0,0,0,0,0,0,0,0,0,0,0,0,0,0,0,0,32283.18,0.006
19p,2P*,,,,L11797,87,223,87,136,0.5,0.5,1,1,2,2,6,2,6,10,2,6,10,14,2,6,10,2,6,0,0,0,0,0,0,0,0,0,0,0,0,0,0,0,0,0,0,0,0,0,0,0,0,0,0,0,0,0,0,0,0,0,0,0,0,0,0,1,0,0,0,0,0,0,0,0,0,0,0,0,0,0,0,0,0,0,0,0,0,0,0,0,0,0,0,0,0,0,0,0,0,0,32319.63,0.05
19p,2P*,,,,L11797,87,223,87,136,1.5,0.5,1,1,2,2,6,2,6,10,2,6,10,14,2,6,10,2,6,0,0,0,0,0,0,0,0,0,0,0,0,0,0,0,0,0,0,0,0,0,0,0,0,0,0,0,0,0,0,0,0,0,0,0,0,0,0,1,0,0,0,0,0,0,0,0,0,0,0,0,0,0,0,0,0,0,0,0,0,0,0,0,0,0,0,0,0,0,0,0,0,0,32326.77,0.05
18d,2D,,,,L10669,87,223,87,136,1.5,0.5,2,0,2,2,6,2,6,10,2,6,10,14,2,6,10,2,6,0,0,0,0,0,0,0,0,0,0,0,0,0,0,0,0,0,0,0,0,0,0,0,0,0,0,0,0,0,0,0,0,0,0,0,0,1,0,0,0,0,0,0,0,0,0,0,0,0,0,0,0,0,0,0,0,0,0,0,0,0,0,0,0,0,0,0,0,0,0,0,0,0,32332.354,0.006
18d,2D,,,,L10669,87,223,87,136,2.5,0.5,2,0,2,2,6,2,6,10,2,6,10,14,2,6,10,2,6,0,0,0,0,0,0,0,0,0,0,0,0,0,0,0,0,0,0,0,0,0,0,0,0,0,0,0,0,0,0,0,0,0,0,0,0,1,0,0,0,0,0,0,0,0,0,0,0,0,0,0,0,0,0,0,0,0,0,0,0,0,0,0,0,0,0,0,0,0,0,0,0,0,32333.827,0.006
20s,2S,,,,L10669,87,223,87,136,0.5,0.5,0,0,2,2,6,2,6,10,2,6,10,14,2,6,10,2,6,0,0,0,0,0,0,0,0,0,0,0,0,0,0,0,0,0,0,0,0,0,0,0,0,0,0,0,0,0,0,0,0,0,0,0,0,0,0,0,0,1,0,0,0,0,0,0,0,0,0,0,0,0,0,0,0,0,0,0,0,0,0,0,0,0,0,0,0,0,0,0,0,0,32356.444,0.006
20p,2P*,,,,L11797,87,223,87,136,0.5,0.5,1,1,2,2,6,2,6,10,2,6,10,14,2,6,10,2,6,0,0,0,0,0,0,0,0,0,0,0,0,0,0,0,0,0,0,0,0,0,0,0,0,0,0,0,0,0,0,0,0,0,0,0,0,0,0,0,0,0,1,0,0,0,0,0,0,0,0,0,0,0,0,0,0,0,0,0,0,0,0,0,0,0,0,0,0,0,0,0,0,0,32386.15,0.05
20p,2P*,,,,L11797,87,223,87,136,1.5,0.5,1,1,2,2,6,2,6,10,2,6,10,14,2,6,10,2,6,0,0,0,0,0,0,0,0,0,0,0,0,0,0,0,0,0,0,0,0,0,0,0,0,0,0,0,0,0,0,0,0,0,0,0,0,0,0,0,0,0,1,0,0,0,0,0,0,0,0,0,0,0,0,0,0,0,0,0,0,0,0,0,0,0,0,0,0,0,0,0,0,0,32391.99,0.05
19d,2D,,,,L10669,87,223,87,136,1.5,0.5,2,0,2,2,6,2,6,10,2,6,10,14,2,6,10,2,6,0,0,0,0,0,0,0,0,0,0,0,0,0,0,0,0,0,0,0,0,0,0,0,0,0,0,0,0,0,0,0,0,0,0,0,0,0,0,0,1,0,0,0,0,0,0,0,0,0,0,0,0,0,0,0,0,0,0,0,0,0,0,0,0,0,0,0,0,0,0,0,0,0,32396.552,0.006
19d,2D,,,,L10669,87,223,87,136,2.5,0.5,2,0,2,2,6,2,6,10,2,6,10,14,2,6,10,2,6,0,0,0,0,0,0,0,0,0,0,0,0,0,0,0,0,0,0,0,0,0,0,0,0,0,0,0,0,0,0,0,0,0,0,0,0,0,0,0,1,0,0,0,0,0,0,0,0,0,0,0,0,0,0,0,0,0,0,0,0,0,0,0,0,0,0,0,0,0,0,0,0,0,32397.761,0.006
21s,2S,,,,L10669,87,223,87,136,0.5,0.5,0,0,2,2,6,2,6,10,2,6,10,14,2,6,10,2,6,0,0,0,0,0,0,0,0,0,0,0,0,0,0,0,0,0,0,0,0,0,0,0,0,0,0,0,0,0,0,0,0,0,0,0,0,0,0,0,0,0,0,0,1,0,0,0,0,0,0,0,0,0,0,0,0,0,0,0,0,0,0,0,0,0,0,0,0,0,0,0,0,0,32416.34,0.006
22d,2D,,,,L11797,87,223,87,136,2.5,0.5,2,0,2,2,6,2,6,10,2,6,10,14,2,6,10,2,6,0,0,0,0,0,0,0,0,0,0,0,0,0,0,0,0,0,0,0,0,0,0,0,0,0,0,0,0,0,0,0,0,0,0,0,0,0,0,0,0,0,0,0,0,0,0,0,0,1,0,0,0,0,0,0,0,0,0,0,0,0,0,0,0,0,0,0,0,0,0,0,0,0,32431.57,0.03
22d,2D,,,,L11797,87,223,87,136,1.5,0.5,2,0,2,2,6,2,6,10,2,6,10,14,2,6,10,2,6,0,0,0,0,0,0,0,0,0,0,0,0,0,0,0,0,0,0,0,0,0,0,0,0,0,0,0,0,0,0,0,0,0,0,0,0,0,0,0,0,0,0,0,0,0,0,0,0,1,0,0,0,0,0,0,0,0,0,0,0,0,0,0,0,0,0,0,0,0,0,0,0,0,32530.86,0.03
21p,2P*,,,,L11797,87,223,87,136,0.5,0.5,1,1,2,2,6,2,6,10,2,6,10,14,2,6,10,2,6,0,0,0,0,0,0,0,0,0,0,0,0,0,0,0,0,0,0,0,0,0,0,0,0,0,0,0,0,0,0,0,0,0,0,0,0,0,0,0,0,0,0,0,0,1,0,0,0,0,0,0,0,0,0,0,0,0,0,0,0,0,0,0,0,0,0,0,0,0,0,0,0,0,32440.87,0.05
21p,2P*,,,,L11797,87,223,87,136,1.5,0.5,1,1,2,2,6,2,6,10,2,6,10,14,2,6,10,2,6,0,0,0,0,0,0,0,0,0,0,0,0,0,0,0,0,0,0,0,0,0,0,0,0,0,0,0,0,0,0,0,0,0,0,0,0,0,0,0,0,0,0,0,0,1,0,0,0,0,0,0,0,0,0,0,0,0,0,0,0,0,0,0,0,0,0,0,0,0,0,0,0,0,32445.71,0.05
20d,2D,,,,L10669,87,223,87,136,1.5,0.5,2,0,2,2,6,2,6,10,2,6,10,14,2,6,10,2,6,0,0,0,0,0,0,0,0,0,0,0,0,0,0,0,0,0,0,0,0,0,0,0,0,0,0,0,0,0,0,0,0,0,0,0,0,0,0,0,0,0,0,1,0,0,0,0,0,0,0,0,0,0,0,0,0,0,0,0,0,0,0,0,0,0,0,0,0,0,0,0,0,0,32449.483,0.006
20d,2D,,,,L10669,87,223,87,136,2.5,0.5,2,0,2,2,6,2,6,10,2,6,10,14,2,6,10,2,6,0,0,0,0,0,0,0,0,0,0,0,0,0,0,0,0,0,0,0,0,0,0,0,0,0,0,0,0,0,0,0,0,0,0,0,0,0,0,0,0,0,0,1,0,0,0,0,0,0,0,0,0,0,0,0,0,0,0,0,0,0,0,0,0,0,0,0,0,0,0,0,0,0,32450.488,0.006
22s,2S,,,,L10669,87,223,87,136,0.5,0.5,0,0,2,2,6,2,6,10,2,6,10,14,2,6,10,2,6,0,0,0,0,0,0,0,0,0,0,0,0,0,0,0,0,0,0,0,0,0,0,0,0,0,0,0,0,0,0,0,0,0,0,0,0,0,0,0,0,0,0,0,0,0,0,1,0,0,0,0,0,0,0,0,0,0,0,0,0,0,0,0,0,0,0,0,0,0,0,0,0,0,32465.937,0.006
22p,2P*,,,,L11797,87,223,87,136,0.5,0.5,1,1,2,2,6,2,6,10,2,6,10,14,2,6,10,2,6,0,0,0,0,0,0,0,0,0,0,0,0,0,0,0,0,0,0,0,0,0,0,0,0,0,0,0,0,0,0,0,0,0,0,0,0,0,0,0,0,0,0,0,0,0,0,0,1,0,0,0,0,0,0,0,0,0,0,0,0,0,0,0,0,0,0,0,0,0,0,0,0,0,32486.43,0.05
22p,2P*,,,,L11797,87,223,87,136,1.5,0.5,1,1,2,2,6,2,6,10,2,6,10,14,2,6,10,2,6,0,0,0,0,0,0,0,0,0,0,0,0,0,0,0,0,0,0,0,0,0,0,0,0,0,0,0,0,0,0,0,0,0,0,0,0,0,0,0,0,0,0,0,0,0,0,0,1,0,0,0,0,0,0,0,0,0,0,0,0,0,0,0,0,0,0,0,0,0,0,0,0,0,32490.48,0.05
21d,2D,,,,L11797,87,223,87,136,1.5,0.5,2,0,2,2,6,2,6,10,2,6,10,14,2,6,10,2,6,0,0,0,0,0,0,0,0,0,0,0,0,0,0,0,0,0,0,0,0,0,0,0,0,0,0,0,0,0,0,0,0,0,0,0,0,0,0,0,0,0,0,0,0,0,1,0,0,0,0,0,0,0,0,0,0,0,0,0,0,0,0,0,0,0,0,0,0,0,0,0,0,0,32493.64,0.03
21d,2D,,,,L11797,87,223,87,136,2.5,0.5,2,0,2,2,6,2,6,10,2,6,10,14,2,6,10,2,6,0,0,0,0,0,0,0,0,0,0,0,0,0,0,0,0,0,0,0,0,0,0,0,0,0,0,0,0,0,0,0,0,0,0,0,0,0,0,0,0,0,0,0,0,0,1,0,0,0,0,0,0,0,0,0,0,0,0,0,0,0,0,0,0,0,0,0,0,0,0,0,0,0,32494.48,0.03
23s,2S,,,,L11797,87,223,87,136,0.5,0.5,0,0,2,2,6,2,6,10,2,6,10,14,2,6,10,2,6,0,0,0,0,0,0,0,0,0,0,0,0,0,0,0,0,0,0,0,0,0,0,0,0,0,0,0,0,0,0,0,0,0,0,0,0,0,0,0,0,0,0,0,0,0,0,0,0,0,1,0,0,0,0,0,0,0,0,0,0,0,0,0,0,0,0,0,0,0,0,0,0,0,32507.47,0.03
23p,2P*,,,,L11797,87,223,87,136,0.5,0.5,1,1,2,2,6,2,6,10,2,6,10,14,2,6,10,2,6,0,0,0,0,0,0,0,0,0,0,0,0,0,0,0,0,0,0,0,0,0,0,0,0,0,0,0,0,0,0,0,0,0,0,0,0,0,0,0,0,0,0,0,0,0,0,0,0,0,0,1,0,0,0,0,0,0,0,0,0,0,0,0,0,0,0,0,0,0,0,0,0,0,32524.76,0.05
23p,2P*,,,,L11797,87,223,87,136,1.5,0.5,1,1,2,2,6,2,6,10,2,6,10,14,2,6,10,2,6,0,0,0,0,0,0,0,0,0,0,0,0,0,0,0,0,0,0,0,0,0,0,0,0,0,0,0,0,0,0,0,0,0,0,0,0,0,0,0,0,0,0,0,0,0,0,0,0,0,0,1,0,0,0,0,0,0,0,0,0,0,0,0,0,0,0,0,0,0,0,0,0,0,32528.19,0.05
24s,2S,,,,L11797,87,223,87,136,0.5,0.5,0,0,2,2,6,2,6,10,2,6,10,14,2,6,10,2,6,0,0,0,0,0,0,0,0,0,0,0,0,0,0,0,0,0,0,0,0,0,0,0,0,0,0,0,0,0,0,0,0,0,0,0,0,0,0,0,0,0,0,0,0,0,0,0,0,0,0,0,0,1,0,0,0,0,0,0,0,0,0,0,0,0,0,0,0,0,0,0,0,0,32542.59,0.03
24p,2P*,,,,L11797,87,223,87,136,0.5,0.5,1,1,2,2,6,2,6,10,2,6,10,14,2,6,10,2,6,0,0,0,0,0,0,0,0,0,0,0,0,0,0,0,0,0,0,0,0,0,0,0,0,0,0,0,0,0,0,0,0,0,0,0,0,0,0,0,0,0,0,0,0,0,0,0,0,0,0,0,0,0,1,0,0,0,0,0,0,0,0,0,0,0,0,0,0,0,0,0,0,0,32557.32,0.05
24p,2P*,,,,L11797,87,223,87,136,1.5,0.5,1,1,2,2,6,2,6,10,2,6,10,14,2,6,10,2,6,0,0,0,0,0,0,0,0,0,0,0,0,0,0,0,0,0,0,0,0,0,0,0,0,0,0,0,0,0,0,0,0,0,0,0,0,0,0,0,0,0,0,0,0,0,0,0,0,0,0,0,0,0,1,0,0,0,0,0,0,0,0,0,0,0,0,0,0,0,0,0,0,0,32560.25,0.05
23d,2D,,,,L11797,87,223,87,136,1.5,0.5,2,0,2,2,6,2,6,10,2,6,10,14,2,6,10,2,6,0,0,0,0,0,0,0,0,0,0,0,0,0,0,0,0,0,0,0,0,0,0,0,0,0,0,0,0,0,0,0,0,0,0,0,0,0,0,0,0,0,0,0,0,0,0,0,0,0,0,0,1,0,0,0,0,0,0,0,0,0,0,0,0,0,0,0,0,0,0,0,0,0,32562.52,0.03
23d,2D,,,,L11797,87,223,87,136,2.5,0.5,2,0,2,2,6,2,6,10,2,6,10,14,2,6,10,2,6,0,0,0,0,0,0,0,0,0,0,0,0,0,0,0,0,0,0,0,0,0,0,0,0,0,0,0,0,0,0,0,0,0,0,0,0,0,0,0,0,0,0,0,0,0,0,0,0,0,0,0,1,0,0,0,0,0,0,0,0,0,0,0,0,0,0,0,0,0,0,0,0,0,32563.13,0.03
25s,2S,,,,L11797,87,223,87,136,0.5,0.5,0,0,2,2,6,2,6,10,2,6,10,14,2,6,10,2,6,0,0,0,0,0,0,0,0,0,0,0,0,0,0,0,0,0,0,0,0,0,0,0,0,0,0,0,0,0,0,0,0,0,0,0,0,0,0,0,0,0,0,0,0,0,0,0,0,0,0,0,0,0,0,0,1,0,0,0,0,0,0,0,0,0,0,0,0,0,0,0,0,0,32572.56,0.03
25p,2P*,,,,L11797,87,223,87,136,0.5,0.5,1,1,2,2,6,2,6,10,2,6,10,14,2,6,10,2,6,0,0,0,0,0,0,0,0,0,0,0,0,0,0,0,0,0,0,0,0,0,0,0,0,0,0,0,0,0,0,0,0,0,0,0,0,0,0,0,0,0,0,0,0,0,0,0,0,0,0,0,0,0,0,0,0,1,0,0,0,0,0,0,0,0,0,0,0,0,0,0,0,0,32585.2,0.05
25p,2P*,,,,L11797,87,223,87,136,1.5,0.5,1,1,2,2,6,2,6,10,2,6,10,14,2,6,10,2,6,0,0,0,0,0,0,0,0,0,0,0,0,0,0,0,0,0,0,0,0,0,0,0,0,0,0,0,0,0,0,0,0,0,0,0,0,0,0,0,0,0,0,0,0,0,0,0,0,0,0,0,0,0,0,0,0,1,0,0,0,0,0,0,0,0,0,0,0,0,0,0,0,0,32587.72,0.05
24d,2D,,,,L11797,87,223,87,136,1.5,0.5,2,0,2,2,6,2,6,10,2,6,10,14,2,6,10,2,6,0,0,0,0,0,0,0,0,0,0,0,0,0,0,0,0,0,0,0,0,0,0,0,0,0,0,0,0,0,0,0,0,0,0,0,0,0,0,0,0,0,0,0,0,0,0,0,0,0,0,0,0,0,0,1,0,0,0,0,0,0,0,0,0,0,0,0,0,0,0,0,0,0,32589.68,0.03
24d,2D,,,,L11797,87,223,87,136,2.5,0.5,2,0,2,2,6,2,6,10,2,6,10,14,2,6,10,2,6,0,0,0,0,0,0,0,0,0,0,0,0,0,0,0,0,0,0,0,0,0,0,0,0,0,0,0,0,0,0,0,0,0,0,0,0,0,0,0,0,0,0,0,0,0,0,0,0,0,0,0,0,0,0,1,0,0,0,0,0,0,0,0,0,0,0,0,0,0,0,0,0,0,32590.2,0.03
26s,2S,,,,L11797,87,223,87,136,0.5,0.5,0,0,2,2,6,2,6,10,2,6,10,14,2,6,10,2,6,0,0,0,0,0,0,0,0,0,0,0,0,0,0,0,0,0,0,0,0,0,0,0,0,0,0,0,0,0,0,0,0,0,0,0,0,0,0,0,0,0,0,0,0,0,0,0,0,0,0,0,0,0,0,0,0,0,0,1,0,0,0,0,0,0,0,0,0,0,0,0,0,0,32598.34,0.03
26p,2P*,,,,L11797,87,223,87,136,0.5,0.5,1,1,2,2,6,2,6,10,2,6,10,14,2,6,10,2,6,0,0,0,0,0,0,0,0,0,0,0,0,0,0,0,0,0,0,0,0,0,0,0,0,0,0,0,0,0,0,0,0,0,0,0,0,0,0,0,0,0,0,0,0,0,0,0,0,0,0,0,0,0,0,0,0,0,0,0,1,0,0,0,0,0,0,0,0,0,0,0,0,0,32609.27,0.05
26p,2P*,,,,L11797,87,223,87,136,1.5,0.5,1,1,2,2,6,2,6,10,2,6,10,14,2,6,10,2,6,0,0,0,0,0,0,0,0,0,0,0,0,0,0,0,0,0,0,0,0,0,0,0,0,0,0,0,0,0,0,0,0,0,0,0,0,0,0,0,0,0,0,0,0,0,0,0,0,0,0,0,0,0,0,0,0,0,0,0,1,0,0,0,0,0,0,0,0,0,0,0,0,0,32611.45,0.05
25d,2D,,,,L11797,87,223,87,136,1.5,0.5,2,0,2,2,6,2,6,10,2,6,10,14,2,6,10,2,6,0,0,0,0,0,0,0,0,0,0,0,0,0,0,0,0,0,0,0,0,0,0,0,0,0,0,0,0,0,0,0,0,0,0,0,0,0,0,0,0,0,0,0,0,0,0,0,0,0,0,0,0,0,0,0,0,0,1,0,0,0,0,0,0,0,0,0,0,0,0,0,0,0,32613.15,0.03
25d,2D,,,,L11797,87,223,87,136,2.5,0.5,2,0,2,2,6,2,6,10,2,6,10,14,2,6,10,2,6,0,0,0,0,0,0,0,0,0,0,0,0,0,0,0,0,0,0,0,0,0,0,0,0,0,0,0,0,0,0,0,0,0,0,0,0,0,0,0,0,0,0,0,0,0,0,0,0,0,0,0,0,0,0,0,0,0,1,0,0,0,0,0,0,0,0,0,0,0,0,0,0,0,32613.6,0.03
27s,2S,,,,L11797,87,223,87,136,0.5,0.5,0,0,2,2,6,2,6,10,2,6,10,14,2,6,10,2,6,0,0,0,0,0,0,0,0,0,0,0,0,0,0,0,0,0,0,0,0,0,0,0,0,0,0,0,0,0,0,0,0,0,0,0,0,0,0,0,0,0,0,0,0,0,0,0,0,0,0,0,0,0,0,0,0,0,0,0,0,0,1,0,0,0,0,0,0,0,0,0,0,0,32620.67,0.03
27p,2P*,,,,L11797,87,223,87,136,0.5,0.5,1,1,2,2,6,2,6,10,2,6,10,14,2,6,10,2,6,0,0,0,0,0,0,0,0,0,0,0,0,0,0,0,0,0,0,0,0,0,0,0,0,0,0,0,0,0,0,0,0,0,0,0,0,0,0,0,0,0,0,0,0,0,0,0,0,0,0,0,0,0,0,0,0,0,0,0,0,0,0,1,0,0,0,0,0,0,0,0,0,0,32630.19,0.05
27p,2P*,,,,L11797,87,223,87,136,1.5,0.5,1,1,2,2,6,2,6,10,2,6,10,14,2,6,10,2,6,0,0,0,0,0,0,0,0,0,0,0,0,0,0,0,0,0,0,0,0,0,0,0,0,0,0,0,0,0,0,0,0,0,0,0,0,0,0,0,0,0,0,0,0,0,0,0,0,0,0,0,0,0,0,0,0,0,0,0,0,0,0,1,0,0,0,0,0,0,0,0,0,0,32632.09,0.05
26d,2D,,,,L11797,87,223,87,136,1.5,0.5,2,0,2,2,6,2,6,10,2,6,10,14,2,6,10,2,6,0,0,0,0,0,0,0,0,0,0,0,0,0,0,0,0,0,0,0,0,0,0,0,0,0,0,0,0,0,0,0,0,0,0,0,0,0,0,0,0,0,0,0,0,0,0,0,0,0,0,0,0,0,0,0,0,0,0,0,0,1,0,0,0,0,0,0,0,0,0,0,0,0,32633.57,0.03
26d,2D,,,,L11797,87,223,87,136,2.5,0.5,2,0,2,2,6,2,6,10,2,6,10,14,2,6,10,2,6,0,0,0,0,0,0,0,0,0,0,0,0,0,0,0,0,0,0,0,0,0,0,0,0,0,0,0,0,0,0,0,0,0,0,0,0,0,0,0,0,0,0,0,0,0,0,0,0,0,0,0,0,0,0,0,0,0,0,0,0,1,0,0,0,0,0,0,0,0,0,0,0,0,32633.97,0.03
28s,2S,,,,L11797,87,223,87,136,0.5,0.5,0,0,2,2,6,2,6,10,2,6,10,14,2,6,10,2,6,0,0,0,0,0,0,0,0,0,0,0,0,0,0,0,0,0,0,0,0,0,0,0,0,0,0,0,0,0,0,0,0,0,0,0,0,0,0,0,0,0,0,0,0,0,0,0,0,0,0,0,0,0,0,0,0,0,0,0,0,0,0,0,0,1,0,0,0,0,0,0,0,0,32640.14,0.03
28p,2P*,,,,L11797,87,223,87,136,0.5,0.5,1,1,2,2,6,2,6,10,2,6,10,14,2,6,10,2,6,0,0,0,0,0,0,0,0,0,0,0,0,0,0,0,0,0,0,0,0,0,0,0,0,0,0,0,0,0,0,0,0,0,0,0,0,0,0,0,0,0,0,0,0,0,0,0,0,0,0,0,0,0,0,0,0,0,0,0,0,0,0,0,0,0,1,0,0,0,0,0,0,0,32648.48,0.05
28p,2P*,,,,L11797,87,223,87,136,1.5,0.5,1,1,2,2,6,2,6,10,2,6,10,14,2,6,10,2,6,0,0,0,0,0,0,0,0,0,0,0,0,0,0,0,0,0,0,0,0,0,0,0,0,0,0,0,0,0,0,0,0,0,0,0,0,0,0,0,0,0,0,0,0,0,0,0,0,0,0,0,0,0,0,0,0,0,0,0,0,0,0,0,0,0,1,0,0,0,0,0,0,0,32650.15,0.05
27d,2D,,,,L11797,87,223,87,136,1.5,0.5,2,0,2,2,6,2,6,10,2,6,10,14,2,6,10,2,6,0,0,0,0,0,0,0,0,0,0,0,0,0,0,0,0,0,0,0,0,0,0,0,0,0,0,0,0,0,0,0,0,0,0,0,0,0,0,0,0,0,0,0,0,0,0,0,0,0,0,0,0,0,0,0,0,0,0,0,0,0,0,0,1,0,0,0,0,0,0,0,0,0,32651.44,0.03
27d,2D,,,,L11797,87,223,87,136,2.5,0.5,2,0,2,2,6,2,6,10,2,6,10,14,2,6,10,2,6,0,0,0,0,0,0,0,0,0,0,0,0,0,0,0,0,0,0,0,0,0,0,0,0,0,0,0,0,0,0,0,0,0,0,0,0,0,0,0,0,0,0,0,0,0,0,0,0,0,0,0,0,0,0,0,0,0,0,0,0,0,0,0,1,0,0,0,0,0,0,0,0,0,32651.79,0.03
29s,2S,,,,L11797,87,223,87,136,0.5,0.5,0,0,2,2,6,2,6,10,2,6,10,14,2,6,10,2,6,0,0,0,0,0,0,0,0,0,0,0,0,0,0,0,0,0,0,0,0,0,0,0,0,0,0,0,0,0,0,0,0,0,0,0,0,0,0,0,0,0,0,0,0,0,0,0,0,0,0,0,0,0,0,0,0,0,0,0,0,0,0,0,0,0,0,0,1,0,0,0,0,0,32657.22,0.03
29p,2P*,,,,L11797,87,223,87,136,0.5,0.5,1,1,2,2,6,2,6,10,2,6,10,14,2,6,10,2,6,0,0,0,0,0,0,0,0,0,0,0,0,0,0,0,0,0,0,0,0,0,0,0,0,0,0,0,0,0,0,0,0,0,0,0,0,0,0,0,0,0,0,0,0,0,0,0,0,0,0,0,0,0,0,0,0,0,0,0,0,0,0,0,0,0,0,0,0,1,0,0,0,0,32664.57,0.05
29p,2P*,,,,L11797,87,223,87,136,1.5,0.5,1,1,2,2,6,2,6,10,2,6,10,14,2,6,10,2,6,0,0,0,0,0,0,0,0,0,0,0,0,0,0,0,0,0,0,0,0,0,0,0,0,0,0,0,0,0,0,0,0,0,0,0,0,0,0,0,0,0,0,0,0,0,0,0,0,0,0,0,0,0,0,0,0,0,0,0,0,0,0,0,0,0,0,0,0,1,0,0,0,0,32666.04,0.05
28d,2D,,,,L11797,87,223,87,136,1.5,0.5,2,0,2,2,6,2,6,10,2,6,10,14,2,6,10,2,6,0,0,0,0,0,0,0,0,0,0,0,0,0,0,0,0,0,0,0,0,0,0,0,0,0,0,0,0,0,0,0,0,0,0,0,0,0,0,0,0,0,0,0,0,0,0,0,0,0,0,0,0,0,0,0,0,0,0,0,0,0,0,0,0,0,0,1,0,0,0,0,0,0,32667.18,0.03
28d,2D,,,,L11797,87,223,87,136,2.5,0.5,2,0,2,2,6,2,6,10,2,6,10,14,2,6,10,2,6,0,0,0,0,0,0,0,0,0,0,0,0,0,0,0,0,0,0,0,0,0,0,0,0,0,0,0,0,0,0,0,0,0,0,0,0,0,0,0,0,0,0,0,0,0,0,0,0,0,0,0,0,0,0,0,0,0,0,0,0,0,0,0,0,0,0,1,0,0,0,0,0,0,32667.49,0.03
30s,2S,,,,L11797,87,223,87,136,0.5,0.5,0,0,2,2,6,2,6,10,2,6,10,14,2,6,10,2,6,0,0,0,0,0,0,0,0,0,0,0,0,0,0,0,0,0,0,0,0,0,0,0,0,0,0,0,0,0,0,0,0,0,0,0,0,0,0,0,0,0,0,0,0,0,0,0,0,0,0,0,0,0,0,0,0,0,0,0,0,0,0,0,0,0,0,0,0,0,0,1,0,0,32672.29,0.03
30p,2P*,,,,L11797,87,223,87,136,0.5,0.5,1,1,2,2,6,2,6,10,2,6,10,14,2,6,10,2,6,0,0,0,0,0,0,0,0,0,0,0,0,0,0,0,0,0,0,0,0,0,0,0,0,0,0,0,0,0,0,0,0,0,0,0,0,0,0,0,0,0,0,0,0,0,0,0,0,0,0,0,0,0,0,0,0,0,0,0,0,0,0,0,0,0,0,0,0,0,0,0,1,0,32678.8,0.05
30p,2P*,,,,L11797,87,223,87,136,1.5,0.5,1,1,2,2,6,2,6,10,2,6,10,14,2,6,10,2,6,0,0,0,0,0,0,0,0,0,0,0,0,0,0,0,0,0,0,0,0,0,0,0,0,0,0,0,0,0,0,0,0,0,0,0,0,0,0,0,0,0,0,0,0,0,0,0,0,0,0,0,0,0,0,0,0,0,0,0,0,0,0,0,0,0,0,0,0,0,0,0,1,0,32680.1,0.05
29d,2D,,,,L11797,87,223,87,136,1.5,0.5,2,0,2,2,6,2,6,10,2,6,10,14,2,6,10,2,6,0,0,0,0,0,0,0,0,0,0,0,0,0,0,0,0,0,0,0,0,0,0,0,0,0,0,0,0,0,0,0,0,0,0,0,0,0,0,0,0,0,0,0,0,0,0,0,0,0,0,0,0,0,0,0,0,0,0,0,0,0,0,0,0,0,0,0,0,0,1,0,0,0,32681.11,0.03
29d,2D,,,,L11797,87,223,87,136,2.5,0.5,2,0,2,2,6,2,6,10,2,6,10,14,2,6,10,2,6,0,0,0,0,0,0,0,0,0,0,0,0,0,0,0,0,0,0,0,0,0,0,0,0,0,0,0,0,0,0,0,0,0,0,0,0,0,0,0,0,0,0,0,0,0,0,0,0,0,0,0,0,0,0,0,0,0,0,0,0,0,0,0,0,0,0,0,0,0,1,0,0,0,32681.39,0.03
30d,2D,,,,L11797,87,223,87,136,1.5,0.5,2,0,2,2,6,2,6,10,2,6,10,14,2,6,10,2,6,0,0,0,0,0,0,0,0,0,0,0,0,0,0,0,0,0,0,0,0,0,0,0,0,0,0,0,0,0,0,0,0,0,0,0,0,0,0,0,0,0,0,0,0,0,0,0,0,0,0,0,0,0,0,0,0,0,0,0,0,0,0,0,0,0,0,0,0,0,0,0,0,1,32693.5,0.03
30d,2D,,,,L11797,87,223,87,136,2.5,0.5,2,0,2,2,6,2,6,10,2,6,10,14,2,6,10,2,6,0,0,0,0,0,0,0,0,0,0,0,0,0,0,0,0,0,0,0,0,0,0,0,0,0,0,0,0,0,0,0,0,0,0,0,0,0,0,0,0,0,0,0,0,0,0,0,0,0,0,0,0,0,0,0,0,0,0,0,0,0,0,0,0,0,0,0,0,0,0,0,0,1,32693.75,0.03
